text,affect,stems
outraged,anger,['outrag']
brutality,anger,['brutal']
hatred,anger,['hatr']
hateful,anger,['hate']
terrorize,anger,['terror']
infuriated,anger,['infuri']
violently,anger,['violent']
furious,anger,['furious']
enraged,anger,['enrag']
furiously,anger,['furious']
murderer,anger,['murder']
fury,anger,['furi']
execution,anger,['execut']
angered,anger,['anger']
savagery,anger,['savageri']
slaughtering,anger,['slaughter']
assassinate,anger,['assassin']
annihilation,anger,['annihil']
rage,anger,['rage']
loathe,anger,['loath']
damnation,anger,['damnat']
fucktard,anger,['fucktard']
homicidal,anger,['homicid']
roadrage,anger,['roadrag']
furor,anger,['furor']
hostile,anger,['hostil']
annihilate,anger,['annihil']
murder,anger,['murder']
raging,anger,['rage']
explosive,anger,['explos']
infuriates,anger,['infuri']
pissed,anger,['piss']
ferocious,anger,['feroci']
obliterated,anger,['obliter']
rape,anger,['rape']
vengeful,anger,['veng']
sopissed,anger,['sopiss']
killing,anger,['kill']
combative,anger,['combat']
gofuckyourself,anger,['gofuckyourself']
vengeance,anger,['vengeanc']
wrath,anger,['wrath']
torment,anger,['torment']
vicious,anger,['vicious']
massacre,anger,['massacr']
threatening,anger,['threaten']
abhorrent,anger,['abhorr']
pissoff,anger,['pissoff']
bloodthirsty,anger,['bloodthirsti']
fighting,anger,['fight']
attacking,anger,['attack']
annihilated,anger,['annihil']
bloodshed,anger,['bloodsh']
angriest,anger,['angriest']
smite,anger,['smite']
brawl,anger,['brawl']
malicious,anger,['malici']
tirade,anger,['tirad']
assault,anger,['assault']
hostility,anger,['hostil']
explode,anger,['explod']
assassination,anger,['assassin']
strangle,anger,['strangl']
loathsome,anger,['loathsom']
murderous,anger,['murder']
attack,anger,['attack']
hell,anger,['hell']
malice,anger,['malic']
terrorism,anger,['terror']
beating,anger,['beat']
desecration,anger,['desecr']
pissingmeoff,anger,['pissingmeoff']
outrage,anger,['outrag']
destroying,anger,['destroy']
irate,anger,['irat']
infuriate,anger,['infuri']
stab,anger,['stab']
violent,anger,['violent']
tumultuous,anger,['tumultu']
abomination,anger,['abomin']
slaughter,anger,['slaughter']
obliterate,anger,['obliter']
belligerent,anger,['belliger']
dumbbitch,anger,['dumbbitch']
detest,anger,['detest']
hostilities,anger,['hostil']
prick,anger,['prick']
torture,anger,['tortur']
rabid,anger,['rabid']
rampage,anger,['rampag']
horrid,anger,['horrid']
cruelty,anger,['cruelti']
despicable,anger,['despic']
tyrannical,anger,['tyrann']
demonic,anger,['demon']
hating,anger,['hate']
ragemode,anger,['ragemod']
hate,anger,['hate']
satanic,anger,['satan']
ruinous,anger,['ruinous']
condemn,anger,['condemn']
dickhead,anger,['dickhead']
demolish,anger,['demolish']
angry,anger,['angri']
riots,anger,['riot']
extermination,anger,['extermin']
livid,anger,['livid']
madman,anger,['madman']
vindictive,anger,['vindict']
terrorist,anger,['terrorist']
threaten,anger,['threaten']
hateyou,anger,['hateyou']
effyou,anger,['effyou']
ferocity,anger,['feroc']
venomous,anger,['venom']
abhor,anger,['abhor']
savage,anger,['savag']
atrocity,anger,['atroc']
carnage,anger,['carnag']
angrytweet,anger,['angrytweet']
barbaric,anger,['barbar']
vendetta,anger,['vendetta']
destroyer,anger,['destroy']
pissedoff,anger,['pissedoff']
abuse,anger,['abus']
fuming,anger,['fume']
pissesmeoff,anger,['pissesmeoff']
berserk,anger,['berserk']
fierce,anger,['fierc']
fucksake,anger,['fucksak']
tyrant,anger,['tyrant']
anger,anger,['anger']
pieceofshit,anger,['pieceofshit']
homicide,anger,['homicid']
slam,anger,['slam']
punching,anger,['punch']
bitch,anger,['bitch']
fights,anger,['fight']
punched,anger,['punch']
ruthless,anger,['ruthless']
destructive,anger,['destruct']
villainous,anger,['villain']
slap,anger,['slap']
yelling,anger,['yell']
ragetweet,anger,['ragetweet']
punishing,anger,['punish']
diabolical,anger,['diabol']
riot,anger,['riot']
growthefuckup,anger,['growthefuckup']
destroyed,anger,['destroy']
retaliatory,anger,['retaliatori']
slaughterhouse,anger,['slaughterhous']
manslaughter,anger,['manslaught']
clash,anger,['clash']
detonation,anger,['deton']
sinister,anger,['sinist']
hellish,anger,['hellish']
quarrel,anger,['quarrel']
bloody,anger,['bloodi']
loath,anger,['loath']
treacherous,anger,['treacher']
fumin,anger,['fumin']
hateeee,anger,['hateee']
accusing,anger,['accus']
horrific,anger,['horrif']
revulsion,anger,['revuls']
madder,anger,['madder']
retaliate,anger,['retali']
scorn,anger,['scorn']
deplorable,anger,['deplor']
bomb,anger,['bomb']
resent,anger,['resent']
devastation,anger,['devast']
anarchist,anger,['anarchist']
firestorm,anger,['firestorm']
contemptible,anger,['contempt']
shittest,anger,['shittest']
smash,anger,['smash']
cruel,anger,['cruel']
soangry,anger,['soangri']
rant,anger,['rant']
deadly,anger,['dead']
outburst,anger,['outburst']
snarl,anger,['snarl']
offend,anger,['offend']
crazed,anger,['craze']
revolting,anger,['revolt']
aggravating,anger,['aggrav']
horror,anger,['horror']
despise,anger,['despis']
dontmesswithme,anger,['dontmesswithm']
stfu,anger,['stfu']
growling,anger,['growl']
profane,anger,['profan']
vulgarity,anger,['vulgar']
douchebags,anger,['douchebag']
fuckedoff,anger,['fuckedoff']
violence,anger,['violenc']
molestation,anger,['molest']
screaming,anger,['scream']
erupt,anger,['erupt']
horrible,anger,['horribl']
threat,anger,['threat']
bastards,anger,['bastard']
revenge,anger,['reveng']
catastrophe,anger,['catastroph']
menacing,anger,['menac']
damn,anger,['damn']
demon,anger,['demon']
crushing,anger,['crush']
thrash,anger,['thrash']
riotous,anger,['riotous']
fedup,anger,['fedup']
deplore,anger,['deplor']
warfare,anger,['warfar']
argue,anger,['argu']
vehement,anger,['vehement']
persecute,anger,['persecut']
flog,anger,['flog']
revolt,anger,['revolt']
altercation,anger,['alterc']
warlike,anger,['warlik']
shitday,anger,['shitday']
castrate,anger,['castrat']
mutiny,anger,['mutini']
sabotage,anger,['sabotag']
malevolent,anger,['malevol']
strike,anger,['strike']
disaster,anger,['disast']
disastrous,anger,['disastr']
madden,anger,['madden']
scream,anger,['scream']
arseholes,anger,['arsehol']
brutal,anger,['brutal']
horseshit,anger,['horseshit']
bastarding,anger,['bastard']
tumult,anger,['tumult']
disdain,anger,['disdain']
devil,anger,['devil']
slay,anger,['slay']
aggravates,anger,['aggrav']
treachery,anger,['treacheri']
vermin,anger,['vermin']
scorching,anger,['scorch']
choke,anger,['choke']
spiteful,anger,['spite']
mutilation,anger,['mutil']
mangle,anger,['mangl']
criminal,anger,['crimin']
anarchism,anger,['anarch']
punch,anger,['punch']
denunciation,anger,['denunci']
holocaust,anger,['holocaust']
virulence,anger,['virul']
fatal,anger,['fatal']
blasphemous,anger,['blasphem']
hurting,anger,['hurt']
dontlikeyou,anger,['dontlikeyou']
dumbasses,anger,['dumbass']
battled,anger,['battl']
crucifixion,anger,['crucifixion']
irritated,anger,['irrit']
evil,anger,['evil']
atrocious,anger,['atroci']
deranged,anger,['derang']
kidnap,anger,['kidnap']
aggravated,anger,['aggrav']
assassin,anger,['assassin']
scolding,anger,['scold']
dicks,anger,['dick']
slayer,anger,['slayer']
intimidation,anger,['intimid']
persecution,anger,['persecut']
aggression,anger,['aggress']
armed,anger,['arm']
poison,anger,['poison']
venom,anger,['venom']
snarling,anger,['snarl']
battle,anger,['battl']
disgruntled,anger,['disgruntl']
assailant,anger,['assail']
resentment,anger,['resent']
insidious,anger,['insidi']
lynch,anger,['lynch']
contemptuous,anger,['contemptu']
infanticide,anger,['infanticid']
imprisonment,anger,['imprison']
temper,anger,['temper']
terrible,anger,['terribl']
mad,anger,['mad']
lunatic,anger,['lunat']
domination,anger,['domin']
peeved,anger,['peev']
makesmemad,anger,['makesmemad']
bully,anger,['bulli']
curse,anger,['curs']
disparage,anger,['disparag']
volatility,anger,['volatil']
eradication,anger,['erad']
devastate,anger,['devast']
tantrum,anger,['tantrum']
scoundrel,anger,['scoundrel']
eradicate,anger,['erad']
aggressively,anger,['aggress']
agitation,anger,['agit']
dictatorship,anger,['dictatorship']
irritates,anger,['irrit']
profanity,anger,['profan']
shot,anger,['shot']
expletive,anger,['explet']
nasty,anger,['nasti']
crime,anger,['crime']
poisonous,anger,['poison']
corrupting,anger,['corrupt']
dastardly,anger,['dastard']
shoot,anger,['shoot']
shove,anger,['shove']
condemnation,anger,['condemn']
aggravation,anger,['aggrav']
wreak,anger,['wreak']
egregious,anger,['egregi']
contempt,anger,['contempt']
crushed,anger,['crush']
harmful,anger,['harm']
cruelly,anger,['cruelli']
maniac,anger,['maniac']
combat,anger,['combat']
aggressive,anger,['aggress']
hit,anger,['hit']
fight,anger,['fight']
shout,anger,['shout']
cutthroat,anger,['cutthroat']
irritable,anger,['irrit']
odious,anger,['odious']
shooting,anger,['shoot']
kick,anger,['kick']
eruption,anger,['erupt']
enemy,anger,['enemi']
punished,anger,['punish']
ambush,anger,['ambush']
yell,anger,['yell']
harass,anger,['harass']
incense,anger,['incens']
gore,anger,['gore']
malignant,anger,['malign']
grudge,anger,['grudg']
antichrist,anger,['antichrist']
aggressor,anger,['aggressor']
expel,anger,['expel']
destruction,anger,['destruct']
cranky,anger,['cranki']
growl,anger,['growl']
slave,anger,['slave']
spank,anger,['spank']
denounce,anger,['denounc']
reprisal,anger,['repris']
insulting,anger,['insult']
clashing,anger,['clash']
insurrection,anger,['insurrect']
offended,anger,['offend']
animosity,anger,['animos']
growls,anger,['growl']
executioner,anger,['execution']
twat,anger,['twat']
doomsday,anger,['doomsday']
arson,anger,['arson']
grr,anger,['grr']
daemon,anger,['daemon']
spat,anger,['spat']
obscenity,anger,['obscen']
havoc,anger,['havoc']
shackle,anger,['shackl']
accused,anger,['accus']
feud,anger,['feud']
expulsion,anger,['expuls']
indignant,anger,['indign']
reprimand,anger,['reprimand']
inexcusable,anger,['inexcus']
bombard,anger,['bombard']
somad,anger,['somad']
spanking,anger,['spank']
suicidal,anger,['suicid']
anarchy,anger,['anarchi']
combatant,anger,['combat']
hanging,anger,['hang']
poisoned,anger,['poison']
frustrated,anger,['frustrat']
wound,anger,['wound']
glaring,anger,['glare']
batter,anger,['batter']
disgusting,anger,['disgust']
kicking,anger,['kick']
inflict,anger,['inflict']
wrecked,anger,['wreck']
grievous,anger,['grievous']
prosecute,anger,['prosecut']
agitated,anger,['agit']
cheat,anger,['cheat']
swastika,anger,['swastika']
raid,anger,['raid']
cursing,anger,['curs']
harassing,anger,['harass']
provocation,anger,['provoc']
strife,anger,['strife']
suffocation,anger,['suffoc']
defamatory,anger,['defamatori']
scourge,anger,['scourg']
injure,anger,['injur']
enslaved,anger,['enslav']
indict,anger,['indict']
betray,anger,['betray']
thundering,anger,['thunder']
arsehole,anger,['arsehol']
jerk,anger,['jerk']
insane,anger,['insan']
retaliation,anger,['retali']
deprivation,anger,['depriv']
convict,anger,['convict']
theft,anger,['theft']
irritate,anger,['irrit']
fiend,anger,['fiend']
cussed,anger,['cuss']
turmoil,anger,['turmoil']
smack,anger,['smack']
retribution,anger,['retribut']
slavery,anger,['slaveri']
irritability,anger,['irrit']
bitterly,anger,['bitter']
battery,anger,['batteri']
antagonism,anger,['antagon']
twats,anger,['twat']
oppressor,anger,['oppressor']
injurious,anger,['injuri']
intolerable,anger,['intoler']
gang,anger,['gang']
rebellion,anger,['rebellion']
collision,anger,['collis']
adverse,anger,['advers']
disgraced,anger,['disgrac']
revolution,anger,['revolut']
diatribe,anger,['diatrib']
asshole,anger,['asshol']
ranting,anger,['rant']
thug,anger,['thug']
antagonistic,anger,['antagonist']
blast,anger,['blast']
sickening,anger,['sicken']
irritating,anger,['irrit']
irks,anger,['irk']
bombardment,anger,['bombard']
discrimination,anger,['discrimin']
frustrate,anger,['frustrat']
oppression,anger,['oppress']
insult,anger,['insult']
tiredofit,anger,['tiredofit']
manipulation,anger,['manipul']
bigot,anger,['bigot']
tension,anger,['tension']
hurtful,anger,['hurt']
disgust,anger,['disgust']
spite,anger,['spite']
intrusive,anger,['intrus']
harshness,anger,['harsh']
slur,anger,['slur']
wretch,anger,['wretch']
invasion,anger,['invas']
morbidity,anger,['morbid']
assail,anger,['assail']
tempest,anger,['tempest']
miserable,anger,['miser']
puncture,anger,['punctur']
casualty,anger,['casualti']
bitterness,anger,['bitter']
inferno,anger,['inferno']
storming,anger,['storm']
consternation,anger,['constern']
raving,anger,['rave']
guilty,anger,['guilti']
depraved,anger,['deprav']
immoral,anger,['immor']
forcibly,anger,['forcibl']
overpowering,anger,['overpow']
guillotine,anger,['guillotin']
recalcitrant,anger,['recalcitr']
accursed,anger,['accurs']
invader,anger,['invad']
scare,anger,['scare']
screwed,anger,['screw']
soannoyed,anger,['soannoy']
jealousy,anger,['jealousi']
indignation,anger,['indign']
vexed,anger,['vex']
confront,anger,['confront']
brute,anger,['brute']
throttle,anger,['throttl']
bickering,anger,['bicker']
coup,anger,['coup']
defiant,anger,['defiant']
criminality,anger,['crimin']
provoking,anger,['provok']
conflict,anger,['conflict']
revolver,anger,['revolv']
butcher,anger,['butcher']
lash,anger,['lash']
incarceration,anger,['incarcer']
contentious,anger,['contenti']
shutit,anger,['shutit']
yousuck,anger,['yousuck']
damage,anger,['damag']
wreck,anger,['wreck']
pillage,anger,['pillag']
shutup,anger,['shutup']
blaze,anger,['blaze']
slut,anger,['slut']
cancer,anger,['cancer']
blasphemy,anger,['blasphemi']
disturbance,anger,['disturb']
dontmess,anger,['dontmess']
standoff,anger,['standoff']
pernicious,anger,['pernici']
alienation,anger,['alien']
gun,anger,['gun']
discord,anger,['discord']
grope,anger,['grope']
chaotic,anger,['chaotic']
frustration,anger,['frustrat']
gory,anger,['gori']
condescension,anger,['condescens']
discriminate,anger,['discrimin']
friggen,anger,['friggen']
death,anger,['death']
lunacy,anger,['lunaci']
jab,anger,['jab']
oppressive,anger,['oppress']
cursed,anger,['curs']
monstrosity,anger,['monstros']
scandalous,anger,['scandal']
sneer,anger,['sneer']
shit,anger,['shit']
slash,anger,['slash']
disparaging,anger,['disparag']
unfair,anger,['unfair']
gallows,anger,['gallow']
escalate,anger,['escal']
intolerant,anger,['intoler']
lawlessness,anger,['lawless']
grouchy,anger,['grouchi']
bellows,anger,['bellow']
traitor,anger,['traitor']
frightful,anger,['fright']
perdition,anger,['perdit']
slander,anger,['slander']
taunt,anger,['taunt']
invade,anger,['invad']
wrangling,anger,['wrangl']
malign,anger,['malign']
bluddy,anger,['bluddi']
arghh,anger,['arghh']
dreadful,anger,['dread']
bearish,anger,['bearish']
derogatory,anger,['derogatori']
glare,anger,['glare']
deceived,anger,['deceiv']
torpedo,anger,['torpedo']
retards,anger,['retard']
beast,anger,['beast']
cross,anger,['cross']
hurt,anger,['hurt']
banshee,anger,['banshe']
uncontrollable,anger,['uncontrol']
shatter,anger,['shatter']
jeopardize,anger,['jeopard']
devastating,anger,['devast']
conflagration,anger,['conflagr']
thief,anger,['thief']
idiots,anger,['idiot']
fits,anger,['fit']
grating,anger,['grate']
rave,anger,['rave']
dissension,anger,['dissens']
betrayal,anger,['betray']
disturbed,anger,['disturb']
subjugation,anger,['subjug']
stomped,anger,['stomp']
grab,anger,['grab']
ticked,anger,['tick']
grievance,anger,['grievanc']
masochism,anger,['masoch']
defiance,anger,['defianc']
blackmail,anger,['blackmail']
offensive,anger,['offens']
decry,anger,['decri']
sin,anger,['sin']
violation,anger,['violat']
confine,anger,['confin']
fustrated,anger,['fustrat']
overbearing,anger,['overbear']
deceive,anger,['deceiv']
misery,anger,['miseri']
rebel,anger,['rebel']
punishment,anger,['punish']
firearms,anger,['firearm']
darkside,anger,['darksid']
arghhhh,anger,['arghhhh']
disparity,anger,['dispar']
frustrates,anger,['frustrat']
disgraceful,anger,['disgrac']
shrill,anger,['shrill']
ire,anger,['ire']
preposterous,anger,['preposter']
hadenough,anger,['hadenough']
stolen,anger,['stolen']
prejudice,anger,['prejudic']
annoyin,anger,['annoyin']
humiliate,anger,['humili']
resentful,anger,['resent']
conspirator,anger,['conspir']
callous,anger,['callous']
ruined,anger,['ruin']
adversary,anger,['adversari']
menace,anger,['menac']
wanker,anger,['wanker']
antagonist,anger,['antagonist']
skirmish,anger,['skirmish']
tackle,anger,['tackl']
heated,anger,['heat']
foul,anger,['foul']
argument,anger,['argument']
sting,anger,['sting']
grumble,anger,['grumbl']
robbery,anger,['robberi']
entangled,anger,['entangl']
outcry,anger,['outcri']
irreconcilable,anger,['irreconcil']
resistance,anger,['resist']
obstructive,anger,['obstruct']
dismay,anger,['dismay']
mob,anger,['mob']
juststop,anger,['juststop']
badness,anger,['bad']
ridicule,anger,['ridicul']
incendiary,anger,['incendiari']
flares,anger,['flare']
uprising,anger,['upris']
twofaced,anger,['twofac']
exacerbation,anger,['exacerb']
dispute,anger,['disput']
whip,anger,['whip']
communism,anger,['communism']
prejudicial,anger,['prejudici']
intruder,anger,['intrud']
belittle,anger,['belittl']
confinement,anger,['confin']
unbridled,anger,['unbridl']
allegation,anger,['alleg']
reckless,anger,['reckless']
degeneracy,anger,['degeneraci']
dictatorial,anger,['dictatori']
unjustifiable,anger,['unjustifi']
bigoted,anger,['bigot']
unjust,anger,['unjust']
hassle,anger,['hassl']
perversion,anger,['pervers']
offender,anger,['offend']
fiesty,anger,['fiesti']
tackled,anger,['tackl']
dissonance,anger,['disson']
renegade,anger,['renegad']
hot,anger,['hot']
prison,anger,['prison']
cantstandit,anger,['cantstandit']
trespass,anger,['trespass']
suicide,anger,['suicid']
annoy,anger,['annoy']
leavemealone,anger,['leavemealon']
dishonest,anger,['dishonest']
depravity,anger,['deprav']
distrust,anger,['distrust']
broil,anger,['broil']
idiotic,anger,['idiot']
treason,anger,['treason']
venting,anger,['vent']
tortious,anger,['tortious']
duress,anger,['duress']
criticize,anger,['critic']
grrr,anger,['grrr']
inimical,anger,['inim']
disrespectful,anger,['disrespect']
cretins,anger,['cretin']
prisoner,anger,['prison']
divorce,anger,['divorc']
chaos,anger,['chao']
coercion,anger,['coercion']
unforgiving,anger,['unforgiv']
unkind,anger,['unkind']
frustrating,anger,['frustrat']
bile,anger,['bile']
unleash,anger,['unleash']
argumentation,anger,['argument']
jerks,anger,['jerk']
pow,anger,['pow']
grump,anger,['grump']
hangry,anger,['hangri']
victimized,anger,['victim']
poachers,anger,['poacher']
scold,anger,['scold']
poaching,anger,['poach']
roar,anger,['roar']
tussle,anger,['tussl']
bane,anger,['bane']
repudiation,anger,['repudi']
accusation,anger,['accus']
enmity,anger,['enmiti']
banish,anger,['banish']
disfigured,anger,['disfigur']
storm,anger,['storm']
fear,anger,['fear']
crazy,anger,['crazi']
anguish,anger,['anguish']
confined,anger,['confin']
scoff,anger,['scoff']
shun,anger,['shun']
derogation,anger,['derog']
banished,anger,['banish']
hammering,anger,['hammer']
brunt,anger,['brunt']
possessed,anger,['possess']
nobodycares,anger,['nobodycar']
frenzied,anger,['frenzi']
ordeal,anger,['ordeal']
delusional,anger,['delusion']
reject,anger,['reject']
obstruct,anger,['obstruct']
foaming,anger,['foam']
intractable,anger,['intract']
bout,anger,['bout']
brazen,anger,['brazen']
patronising,anger,['patronis']
rejects,anger,['reject']
fervor,anger,['fervor']
dominate,anger,['domin']
derision,anger,['deris']
spear,anger,['spear']
suppression,anger,['suppress']
animus,anger,['animus']
unruly,anger,['unruli']
disrupting,anger,['disrupt']
malpractice,anger,['malpractic']
defy,anger,['defi']
injustice,anger,['injustic']
antithesis,anger,['antithesi']
torture,fear,['tortur']
terrorist,fear,['terrorist']
horrific,fear,['horrif']
terrorism,fear,['terror']
terrorists,fear,['terrorist']
suicidebombing,fear,['suicidebomb']
kill,fear,['kill']
homicidal,fear,['homicid']
terror,fear,['terror']
murderer,fear,['murder']
catastrophe,fear,['catastroph']
annihilate,fear,['annihil']
dying,fear,['die']
war,fear,['war']
bombing,fear,['bomb']
bomb,fear,['bomb']
missiles,fear,['missil']
horror,fear,['horror']
horrified,fear,['horrifi']
terrorize,fear,['terror']
brutality,fear,['brutal']
bloodthirsty,fear,['bloodthirsti']
murderous,fear,['murder']
massacre,fear,['massacr']
horrifying,fear,['horrifi']
mutilation,fear,['mutil']
assassinate,fear,['assassin']
terrifying,fear,['terrifi']
fatality,fear,['fatal']
horrors,fear,['horror']
demon,fear,['demon']
murder,fear,['murder']
devastation,fear,['devast']
killing,fear,['kill']
terrified,fear,['terrifi']
holocaust,fear,['holocaust']
suicidal,fear,['suicid']
kidnap,fear,['kidnap']
crucifixion,fear,['crucifixion']
slaughter,fear,['slaughter']
assault,fear,['assault']
doomed,fear,['doom']
poisoned,fear,['poison']
suicide,fear,['suicid']
explosion,fear,['explos']
disastrous,fear,['disastr']
dismemberment,fear,['dismember']
annihilation,fear,['annihil']
savagery,fear,['savageri']
deadly,fear,['dead']
slaughtering,fear,['slaughter']
suffocation,fear,['suffoc']
disaster,fear,['disast']
threatening,fear,['threaten']
assassin,fear,['assassin']
rape,fear,['rape']
hell,fear,['hell']
slaughterhouse,fear,['slaughterhous']
guillotine,fear,['guillotin']
explosive,fear,['explos']
annihilated,fear,['annihil']
demonic,fear,['demon']
ihatespiders,fear,['ihatespid']
bloodshed,fear,['bloodsh']
dread,fear,['dread']
homicide,fear,['homicid']
barbaric,fear,['barbar']
anthrax,fear,['anthrax']
molestation,fear,['molest']
warfare,fear,['warfar']
peril,fear,['peril']
tragedy,fear,['tragedi']
attacking,fear,['attack']
paralyzed,fear,['paralyz']
executioner,fear,['execution']
suffocating,fear,['suffoc']
treachery,fear,['treacheri']
fright,fear,['fright']
apocalypse,fear,['apocalyps']
bombardment,fear,['bombard']
afraid,fear,['afraid']
frightening,fear,['frighten']
frightened,fear,['frighten']
scariest,fear,['scariest']
panicked,fear,['panick']
morgue,fear,['morgu']
traumatic,fear,['traumat']
execution,fear,['execut']
monster,fear,['monster']
vengeance,fear,['vengeanc']
destroying,fear,['destroy']
slayer,fear,['slayer']
abomination,fear,['abomin']
painful,fear,['pain']
drown,fear,['drown']
petrified,fear,['petrifi']
scare,fear,['scare']
death,fear,['death']
chaos,fear,['chao']
ghastly,fear,['ghast']
evil,fear,['evil']
explode,fear,['explod']
devil,fear,['devil']
fatal,fear,['fatal']
doomsday,fear,['doomsday']
doom,fear,['doom']
frighten,fear,['frighten']
cancer,fear,['cancer']
fear,fear,['fear']
nightmare,fear,['nightmar']
manslaughter,fear,['manslaught']
trauma,fear,['trauma']
eradication,fear,['erad']
gunmen,fear,['gunmen']
intruder,fear,['intrud']
brutal,fear,['brutal']
violently,fear,['violent']
grenade,fear,['grenad']
hellish,fear,['hellish']
assassination,fear,['assassin']
kidnapped,fear,['kidnap']
paralyze,fear,['paralyz']
morbidity,fear,['morbid']
crippling,fear,['crippl']
savage,fear,['savag']
violence,fear,['violenc']
destructive,fear,['destruct']
crushed,fear,['crush']
suffering,fear,['suffer']
violent,fear,['violent']
heartattack,fear,['heartattack']
damnation,fear,['damnat']
poisonous,fear,['poison']
aggressor,fear,['aggressor']
earthquake,fear,['earthquak']
shooting,fear,['shoot']
quake,fear,['quak']
frightful,fear,['fright']
hurricane,fear,['hurrican']
imprisoned,fear,['imprison']
exterminate,fear,['extermin']
fearing,fear,['fear']
hemorrhage,fear,['hemorrhag']
torment,fear,['torment']
lethal,fear,['lethal']
venom,fear,['venom']
claustrophobia,fear,['claustrophobia']
snakes,fear,['snake']
danger,fear,['danger']
robbery,fear,['robberi']
exorcism,fear,['exorc']
obliterated,fear,['obliter']
terrifies,fear,['terrifi']
extermination,fear,['extermin']
harmful,fear,['harm']
incurable,fear,['incur']
poison,fear,['poison']
cruelty,fear,['cruelti']
biggestfear,fear,['biggestfear']
mortality,fear,['mortal']
monstrosity,fear,['monstros']
destruction,fear,['destruct']
persecution,fear,['persecut']
anxietyattack,fear,['anxietyattack']
attack,fear,['attack']
hysteria,fear,['hysteria']
bombers,fear,['bomber']
cyanide,fear,['cyanid']
dreadfully,fear,['dread']
arson,fear,['arson']
devastate,fear,['devast']
tyrant,fear,['tyrant']
warcrimes,fear,['warcrim']
perish,fear,['perish']
feared,fear,['fear']
screaming,fear,['scream']
maniac,fear,['maniac']
freakingout,fear,['freakingout']
bloody,fear,['bloodi']
venomous,fear,['venom']
rampage,fear,['rampag']
enslaved,fear,['enslav']
warlike,fear,['warlik']
lifeless,fear,['lifeless']
snake,fear,['snake']
epidemic,fear,['epidem']
panicattack,fear,['panicattack']
dangerously,fear,['danger']
invader,fear,['invad']
crisis,fear,['crisi']
detonate,fear,['deton']
hazardous,fear,['hazard']
jihad,fear,['jihad']
die,fear,['die']
scary,fear,['scari']
invade,fear,['invad']
reprisal,fear,['repris']
obliterate,fear,['obliter']
riot,fear,['riot']
criminal,fear,['crimin']
tumor,fear,['tumor']
violation,fear,['violat']
fearful,fear,['fear']
inferno,fear,['inferno']
ohshit,fear,['ohshit']
shipwreck,fear,['shipwreck']
leprosy,fear,['leprosi']
claustrophobic,fear,['claustrophob']
hyperventilating,fear,['hyperventil']
nightmares,fear,['nightmar']
destroyed,fear,['destroy']
ghostly,fear,['ghost']
hurricanes,fear,['hurrican']
tyranny,fear,['tyranni']
panic,fear,['panic']
ptsd,fear,['ptsd']
dangerous,fear,['danger']
strangle,fear,['strangl']
tragedies,fear,['tragedi']
wrenching,fear,['wrench']
hazard,fear,['hazard']
destroyer,fear,['destroy']
projectiles,fear,['projectil']
cholera,fear,['cholera']
obliteration,fear,['obliter']
slavery,fear,['slaveri']
imprisonment,fear,['imprison']
agony,fear,['agoni']
anaconda,fear,['anaconda']
anarchist,fear,['anarchist']
treacherous,fear,['treacher']
riotous,fear,['riotous']
mortuary,fear,['mortuari']
dreadful,fear,['dread']
anarchy,fear,['anarchi']
fears,fear,['fear']
accident,fear,['accid']
malignancy,fear,['malign']
bombard,fear,['bombard']
cannibal,fear,['cannib']
abominable,fear,['abomin']
tyrannical,fear,['tyrann']
depraved,fear,['deprav']
mutiny,fear,['mutini']
scared,fear,['scare']
dictatorship,fear,['dictatorship']
beast,fear,['beast']
missile,fear,['missil']
cursed,fear,['curs']
melee,fear,['mele']
threaten,fear,['threaten']
hostage,fear,['hostag']
diseased,fear,['diseas']
gore,fear,['gore']
devilish,fear,['devilish']
malignant,fear,['malign']
misery,fear,['miseri']
horrible,fear,['horribl']
shot,fear,['shot']
bomber,fear,['bomber']
hyperventilate,fear,['hyperventil']
crash,fear,['crash']
gun,fear,['gun']
shoot,fear,['shoot']
victimized,fear,['victim']
paralysis,fear,['paralysi']
mafia,fear,['mafia']
tornado,fear,['tornado']
turmoil,fear,['turmoil']
combat,fear,['combat']
alligator,fear,['allig']
ruin,fear,['ruin']
shooter,fear,['shooter']
contagious,fear,['contagi']
miscarriage,fear,['miscarriag']
lynch,fear,['lynch']
desperation,fear,['desper']
casualty,fear,['casualti']
devastating,fear,['devast']
seizure,fear,['seizur']
starvation,fear,['starvat']
excruciating,fear,['excruci']
phobia,fear,['phobia']
harm,fear,['harm']
crime,fear,['crime']
emergency,fear,['emerg']
shock,fear,['shock']
fight,fear,['fight']
injured,fear,['injur']
scream,fear,['scream']
struggle,fear,['struggl']
havoc,fear,['havoc']
mortification,fear,['mortif']
frantically,fear,['frantic']
carnage,fear,['carnag']
standoff,fear,['standoff']
infestation,fear,['infest']
soscary,fear,['soscari']
panicking,fear,['panick']
rupture,fear,['ruptur']
frantic,fear,['frantic']
horrid,fear,['horrid']
burial,fear,['burial']
arsenic,fear,['arsenic']
neurotic,fear,['neurot']
carcinoma,fear,['carcinoma']
witchcraft,fear,['witchcraft']
hysterical,fear,['hyster']
deranged,fear,['derang']
prey,fear,['prey']
infectious,fear,['infecti']
assailant,fear,['assail']
sabotage,fear,['sabotag']
psychosis,fear,['psychosi']
hatred,fear,['hatr']
terminal,fear,['termin']
collapse,fear,['collaps']
anguish,fear,['anguish']
grisly,fear,['grisli']
diabolical,fear,['diabol']
avalanche,fear,['avalanch']
dreaded,fear,['dread']
gash,fear,['gash']
sos,fear,['sos']
aggressive,fear,['aggress']
malevolent,fear,['malevol']
agonizing,fear,['agon']
cobra,fear,['cobra']
harrowing,fear,['harrow']
fugitive,fear,['fugit']
wrecked,fear,['wreck']
armed,fear,['arm']
cripple,fear,['crippl']
freaked,fear,['freak']
schizophrenia,fear,['schizophrenia']
plague,fear,['plagu']
upheaval,fear,['upheav']
vendetta,fear,['vendetta']
forcibly,fear,['forcibl']
abduction,fear,['abduct']
crocodile,fear,['crocodil']
offender,fear,['offend']
mayhem,fear,['mayhem']
wounding,fear,['wound']
disease,fear,['diseas']
agoraphobia,fear,['agoraphobia']
brawl,fear,['brawl']
banish,fear,['banish']
oppression,fear,['oppress']
hostile,fear,['hostil']
guerilla,fear,['guerilla']
cyclone,fear,['cyclon']
radiation,fear,['radiat']
hopeless,fear,['hopeless']
ambush,fear,['ambush']
beastly,fear,['beast']
shrapnel,fear,['shrapnel']
socialanxiety,fear,['socialanxieti']
cadaver,fear,['cadav']
leukemia,fear,['leukemia']
rabid,fear,['rabid']
endanger,fear,['endang']
contagion,fear,['contagion']
anarchism,fear,['anarch']
hurt,fear,['hurt']
trepidation,fear,['trepid']
gory,fear,['gori']
paranoid,fear,['paranoid']
alarm,fear,['alarm']
blast,fear,['blast']
gallows,fear,['gallow']
coffin,fear,['coffin']
madness,fear,['mad']
spook,fear,['spook']
fury,fear,['furi']
awful,fear,['aw']
victim,fear,['victim']
ghost,fear,['ghost']
trembling,fear,['trembl']
scarier,fear,['scarier']
stab,fear,['stab']
viper,fear,['viper']
nervouswreck,fear,['nervouswreck']
tarantula,fear,['tarantula']
thug,fear,['thug']
dungeon,fear,['dungeon']
carcass,fear,['carcass']
freakedout,fear,['freakedout']
vermin,fear,['vermin']
felon,fear,['felon']
atrocity,fear,['atroc']
fangs,fear,['fang']
militants,fear,['milit']
perishing,fear,['perish']
militia,fear,['militia']
grim,fear,['grim']
outbreak,fear,['outbreak']
abhorrent,fear,['abhorr']
abuse,fear,['abus']
frankenstorm,fear,['frankenstorm']
sinister,fear,['sinist']
menace,fear,['menac']
hurting,fear,['hurt']
gang,fear,['gang']
crushing,fear,['crush']
combatant,fear,['combat']
eruption,fear,['erupt']
shatter,fear,['shatter']
persecute,fear,['persecut']
revolver,fear,['revolv']
injury,fear,['injuri']
mangle,fear,['mangl']
soscared,fear,['soscar']
menacing,fear,['menac']
desolation,fear,['desol']
ferocious,fear,['feroci']
battered,fear,['batter']
cutthroat,fear,['cutthroat']
pandemic,fear,['pandem']
volcano,fear,['volcano']
scares,fear,['scare']
cruelly,fear,['cruelli']
nefarious,fear,['nefari']
fearfully,fear,['fear']
purgatory,fear,['purgatori']
despotic,fear,['despot']
tumult,fear,['tumult']
malicious,fear,['malici']
emetophobia,fear,['emetophobia']
selfharm,fear,['selfharm']
lunatic,fear,['lunat']
bully,fear,['bulli']
typhoon,fear,['typhoon']
xenophobia,fear,['xenophobia']
treason,fear,['treason']
oppressive,fear,['oppress']
battlefield,fear,['battlefield']
dictator,fear,['dictat']
smash,fear,['smash']
radioactive,fear,['radioact']
encroachment,fear,['encroach']
stroke,fear,['stroke']
traitor,fear,['traitor']
blizzard,fear,['blizzard']
coma,fear,['coma']
cruel,fear,['cruel']
endangered,fear,['endang']
armament,fear,['armament']
ruthless,fear,['ruthless']
punishment,fear,['punish']
shitless,fear,['shitless']
neurosis,fear,['neurosi']
debauchery,fear,['debaucheri']
spider,fear,['spider']
distress,fear,['distress']
alarming,fear,['alarm']
revenge,fear,['reveng']
crazed,fear,['craze']
insane,fear,['insan']
projectile,fear,['projectil']
flog,fear,['flog']
bang,fear,['bang']
ransom,fear,['ransom']
criminality,fear,['crimin']
hanging,fear,['hang']
deteriorate,fear,['deterior']
dementia,fear,['dementia']
punished,fear,['punish']
perturbation,fear,['perturb']
haunt,fear,['haunt']
raptors,fear,['raptor']
abortion,fear,['abort']
despair,fear,['despair']
cantbreathe,fear,['cantbreath']
scoundrel,fear,['scoundrel']
isolated,fear,['isol']
quivering,fear,['quiver']
duress,fear,['duress']
dreading,fear,['dread']
targeted,fear,['target']
rattlesnake,fear,['rattlesnak']
demise,fear,['demis']
warlock,fear,['warlock']
perilous,fear,['peril']
dastardly,fear,['dastard']
raging,fear,['rage']
injurious,fear,['injuri']
intimidate,fear,['intimid']
conflict,fear,['conflict']
wildfire,fear,['wildfir']
wreck,fear,['wreck']
tumour,fear,['tumour']
retaliation,fear,['retali']
vehement,fear,['vehement']
demented,fear,['dement']
hideous,fear,['hideous']
banshee,fear,['banshe']
antichrist,fear,['antichrist']
aghast,fear,['aghast']
bestial,fear,['bestial']
serpent,fear,['serpent']
condemnation,fear,['condemn']
corrosive,fear,['corros']
armaments,fear,['armament']
fire,fear,['fire']
exclusion,fear,['exclus']
nervousness,fear,['nervous']
seize,fear,['seiz']
pneumonia,fear,['pneumonia']
spiders,fear,['spider']
revolting,fear,['revolt']
vampire,fear,['vampir']
mercenary,fear,['mercenari']
sarcoma,fear,['sarcoma']
incarceration,fear,['incarcer']
manic,fear,['manic']
injure,fear,['injur']
smuggler,fear,['smuggler']
pestilence,fear,['pestil']
hurtful,fear,['hurt']
stunned,fear,['stun']
vengeful,fear,['veng']
irreparable,fear,['irrepar']
lunacy,fear,['lunaci']
thundering,fear,['thunder']
disfigured,fear,['disfigur']
artillery,fear,['artilleri']
incendiary,fear,['incendiari']
daemon,fear,['daemon']
wracking,fear,['wrack']
turbulent,fear,['turbul']
landslide,fear,['landslid']
malice,fear,['malic']
enemy,fear,['enemi']
combative,fear,['combat']
sickening,fear,['sicken']
repression,fear,['repress']
infection,fear,['infect']
wicked,fear,['wick']
inhuman,fear,['inhuman']
meltdown,fear,['meltdown']
prison,fear,['prison']
ruinous,fear,['ruinous']
madman,fear,['madman']
virulence,fear,['virul']
ill,fear,['ill']
barbarian,fear,['barbarian']
battled,fear,['battl']
plummet,fear,['plummet']
blackmail,fear,['blackmail']
hangman,fear,['hangman']
contaminated,fear,['contamin']
darkened,fear,['darken']
merciless,fear,['merciless']
beating,fear,['beat']
aggression,fear,['aggress']
injection,fear,['inject']
alienation,fear,['alien']
insurmountable,fear,['insurmount']
dagger,fear,['dagger']
conflagration,fear,['conflagr']
butcher,fear,['butcher']
malaria,fear,['malaria']
interrogation,fear,['interrog']
despotism,fear,['despot']
wrath,fear,['wrath']
prosecute,fear,['prosecut']
disintegrate,fear,['disintegr']
shackle,fear,['shackl']
oblivion,fear,['oblivion']
homeless,fear,['homeless']
sufferer,fear,['suffer']
rob,fear,['rob']
ogre,fear,['ogr']
oppressor,fear,['oppressor']
abandonment,fear,['abandon']
deplorable,fear,['deplor']
injuring,fear,['injur']
illness,fear,['ill']
bleeding,fear,['bleed']
infanticide,fear,['infanticid']
scourge,fear,['scourg']
threat,fear,['threat']
firearms,fear,['firearm']
nerves,fear,['nerv']
raid,fear,['raid']
eviction,fear,['evict']
villain,fear,['villain']
torrent,fear,['torrent']
pounding,fear,['pound']
haze,fear,['haze']
cardiomyopathy,fear,['cardiomyopathi']
infidel,fear,['infidel']
deceit,fear,['deceit']
possessed,fear,['possess']
dragon,fear,['dragon']
terrible,fear,['terribl']
belligerent,fear,['belliger']
restrained,fear,['restrain']
goblin,fear,['goblin']
hypertrophy,fear,['hypertrophi']
paranoia,fear,['paranoia']
tribulation,fear,['tribul']
flee,fear,['flee']
shelling,fear,['shell']
masochism,fear,['masoch']
tremor,fear,['tremor']
burglar,fear,['burglar']
sickness,fear,['sick']
anxiety,fear,['anxieti']
pain,fear,['pain']
sepsis,fear,['sepsi']
euthanasia,fear,['euthanasia']
omen,fear,['omen']
foe,fear,['foe']
ominous,fear,['omin']
fraught,fear,['fraught']
convict,fear,['convict']
rot,fear,['rot']
casket,fear,['casket']
accursed,fear,['accurs']
lightning,fear,['lightn']
villainous,fear,['villain']
wounded,fear,['wound']
elimination,fear,['elimin']
lava,fear,['lava']
spank,fear,['spank']
hostilities,fear,['hostil']
dismal,fear,['dismal']
blockade,fear,['blockad']
punch,fear,['punch']
haunted,fear,['haunt']
angina,fear,['angina']
infliction,fear,['inflict']
dispossessed,fear,['dispossess']
tumultuous,fear,['tumultu']
quarantine,fear,['quarantin']
desecration,fear,['desecr']
coward,fear,['coward']
eatingdisorders,fear,['eatingdisord']
grizzly,fear,['grizzli']
demoralized,fear,['demor']
worry,fear,['worri']
curse,fear,['curs']
deprivation,fear,['depriv']
shudder,fear,['shudder']
bacteria,fear,['bacteria']
pained,fear,['pain']
stealing,fear,['steal']
failure,fear,['failur']
sostressed,fear,['sostress']
hateful,fear,['hate']
forbidding,fear,['forbid']
cringe,fear,['cring']
parasite,fear,['parasit']
loss,fear,['loss']
abyss,fear,['abyss']
surgery,fear,['surgeri']
volatility,fear,['volatil']
apprehensive,fear,['apprehens']
confined,fear,['confin']
clashing,fear,['clash']
jeopardy,fear,['jeopardi']
shady,fear,['shadi']
jail,fear,['jail']
dire,fear,['dire']
evacuate,fear,['evacu']
assail,fear,['assail']
perdition,fear,['perdit']
mob,fear,['mob']
toxin,fear,['toxin']
unholy,fear,['unholi']
comatose,fear,['comatos']
pillage,fear,['pillag']
incest,fear,['incest']
wound,fear,['wound']
forced,fear,['forc']
cowardice,fear,['cowardic']
domination,fear,['domin']
crypt,fear,['crypt']
witch,fear,['witch']
smuggle,fear,['smuggl']
worries,fear,['worri']
banished,fear,['banish']
purge,fear,['purg']
inflict,fear,['inflict']
masks,fear,['mask']
afflict,fear,['afflict']
sacrifices,fear,['sacrific']
deterioration,fear,['deterior']
eeek,fear,['eeek']
gunpowder,fear,['gunpowd']
misfortune,fear,['misfortun']
ulcer,fear,['ulcer']
incubus,fear,['incubus']
apprehend,fear,['apprehend']
lawsuit,fear,['lawsuit']
distressing,fear,['distress']
prisoner,fear,['prison']
jitters,fear,['jitter']
corrupting,fear,['corrupt']
thrash,fear,['thrash']
martyr,fear,['martyr']
travesty,fear,['travesti']
duel,fear,['duel']
pitfall,fear,['pitfal']
evasion,fear,['evas']
overpowering,fear,['overpow']
vanished,fear,['vanish']
impending,fear,['impend']
risky,fear,['riski']
martyrdom,fear,['martyrdom']
appalling,fear,['appal']
syncope,fear,['syncop']
polio,fear,['polio']
risk,fear,['risk']
confine,fear,['confin']
grave,fear,['grave']
turbulence,fear,['turbul']
degrading,fear,['degrad']
punishing,fear,['punish']
powerless,fear,['powerless']
incrimination,fear,['incrimin']
freak,fear,['freak']
mange,fear,['mang']
hunter,fear,['hunter']
unsafe,fear,['unsaf']
sin,fear,['sin']
worstfeeling,fear,['worstfeel']
perpetrator,fear,['perpetr']
occult,fear,['occult']
intimidation,fear,['intimid']
disable,fear,['disabl']
decay,fear,['decay']
affliction,fear,['afflict']
autopsy,fear,['autopsi']
vulnerability,fear,['vulner']
flood,fear,['flood']
bondage,fear,['bondag']
abhor,fear,['abhor']
overthrow,fear,['overthrow']
appendicitis,fear,['append']
outcry,fear,['outcri']
cannon,fear,['cannon']
siren,fear,['siren']
growling,fear,['growl']
jeopardize,fear,['jeopard']
deformity,fear,['deform']
samurai,fear,['samurai']
neuralgia,fear,['neuralgia']
talons,fear,['talon']
defenseless,fear,['defenseless']
beware,fear,['bewar']
noxious,fear,['noxious']
asylum,fear,['asylum']
scorpion,fear,['scorpion']
outburst,fear,['outburst']
derogation,fear,['derog']
enmity,fear,['enmiti']
ailing,fear,['ail']
scandal,fear,['scandal']
adder,fear,['adder']
communism,fear,['communism']
thief,fear,['thief']
plunge,fear,['plung']
precarious,fear,['precari']
expulsion,fear,['expuls']
mad,fear,['mad']
brigade,fear,['brigad']
needles,fear,['needl']
insanity,fear,['insan']
apparition,fear,['apparit']
senile,fear,['senil']
coercion,fear,['coercion']
gonorrhea,fear,['gonorrhea']
retribution,fear,['retribut']
uprising,fear,['upris']
cemetery,fear,['cemeteri']
badness,fear,['bad']
phantom,fear,['phantom']
abandoned,fear,['abandon']
fled,fear,['fled']
rejection,fear,['reject']
rebellion,fear,['rebellion']
disembodied,fear,['disembodi']
captor,fear,['captor']
stormy,fear,['stormi']
stalk,fear,['stalk']
wrangling,fear,['wrangl']
helpless,fear,['helpless']
subjugation,fear,['subjug']
slave,fear,['slave']
hopelessness,fear,['hopeless']
superstitious,fear,['superstiti']
broken,fear,['broken']
manifestation,fear,['manifest']
cowardly,fear,['coward']
abandon,fear,['abandon']
deserted,fear,['desert']
jarring,fear,['jar']
frenzied,fear,['frenzi']
theft,fear,['theft']
bacterium,fear,['bacterium']
saber,fear,['saber']
manipulation,fear,['manipul']
lawlessness,fear,['lawless']
impotence,fear,['impot']
penetration,fear,['penetr']
swastika,fear,['swastika']
atherosclerosis,fear,['atherosclerosi']
shaking,fear,['shake']
carnivorous,fear,['carnivor']
eek,fear,['eek']
leeches,fear,['leech']
buried,fear,['buri']
harbinger,fear,['harbing']
endocarditis,fear,['endocard']
failing,fear,['fail']
stressed,fear,['stress']
punish,fear,['punish']
unstable,fear,['unstabl']
freakout,fear,['freakout']
incursion,fear,['incurs']
distrust,fear,['distrust']
suspense,fear,['suspens']
blood,fear,['blood']
bear,fear,['bear']
hiding,fear,['hide']
unlawful,fear,['unlaw']
crazy,fear,['crazi']
anxious,fear,['anxious']
cult,fear,['cult']
captive,fear,['captiv']
deportation,fear,['deport']
detainee,fear,['detaine']
enforce,fear,['enforc']
suspect,fear,['suspect']
oppress,fear,['oppress']
revulsion,fear,['revuls']
grievous,fear,['grievous']
fang,fear,['fang']
exile,fear,['exil']
insidious,fear,['insidi']
plunder,fear,['plunder']
foreboding,fear,['forebod']
intolerance,fear,['intoler']
incite,fear,['incit']
sorcery,fear,['sorceri']
emaciated,fear,['emaci']
shriek,fear,['shriek']
busted,fear,['bust']
helplessness,fear,['helpless']
exacerbation,fear,['exacerb']
biopsy,fear,['biopsi']
badfeeling,fear,['badfeel']
relapse,fear,['relaps']
plight,fear,['plight']
growl,fear,['growl']
troublesome,fear,['troublesom']
chased,fear,['chase']
embolism,fear,['embol']
darkness,fear,['dark']
conspirator,fear,['conspir']
palsy,fear,['palsi']
harshness,fear,['harsh']
unthinkable,fear,['unthink']
sting,fear,['sting']
robber,fear,['robber']
pernicious,fear,['pernici']
smite,fear,['smite']
depression,fear,['depress']
confinement,fear,['confin']
snowmageddon,fear,['snowmageddon']
illegal,fear,['illeg']
eeeek,fear,['eeeek']
towering,fear,['tower']
intolerant,fear,['intoler']
subvert,fear,['subvert']
cliff,fear,['cliff']
sinful,fear,['sin']
wasp,fear,['wasp']
suppress,fear,['suppress']
brute,fear,['brute']
prohibited,fear,['prohibit']
suppression,fear,['suppress']
ruined,fear,['ruin']
instability,fear,['instabl']
constraint,fear,['constraint']
odious,fear,['odious']
downfall,fear,['downfal']
surrender,fear,['surrend']
raving,fear,['rave']
mistrust,fear,['mistrust']
alcoholism,fear,['alcohol']
blob,fear,['blob']
frenetic,fear,['frenet']
scalpel,fear,['scalpel']
vertigo,fear,['vertigo']
prayforme,fear,['prayform']
infarct,fear,['infarct']
defiance,fear,['defianc']
squeamish,fear,['squeamish']
madden,fear,['madden']
premeditated,fear,['premedit']
hunting,fear,['hunt']
heartbreaking,sadness,['heartbreak']
mourning,sadness,['mourn']
tragic,sadness,['tragic']
holocaust,sadness,['holocaust']
suicidal,sadness,['suicid']
misery,sadness,['miseri']
massacre,sadness,['massacr']
euthanasia,sadness,['euthanasia']
depression,sadness,['depress']
fatal,sadness,['fatal']
bereavement,sadness,['bereav']
grieving,sadness,['griev']
bereaved,sadness,['bereav']
devastation,sadness,['devast']
death,sadness,['death']
suicide,sadness,['suicid']
devastated,sadness,['devast']
catastrophe,sadness,['catastroph']
horrifying,sadness,['horrifi']
tragedy,sadness,['tragedi']
died,sadness,['die']
depressing,sadness,['depress']
anguish,sadness,['anguish']
agony,sadness,['agoni']
deadly,sadness,['dead']
weeping,sadness,['weep']
deceased,sadness,['deceas']
stillbirth,sadness,['stillbirth']
murderer,sadness,['murder']
cancer,sadness,['cancer']
dying,sadness,['die']
rape,sadness,['rape']
devastating,sadness,['devast']
sadness,sadness,['sad']
morbidity,sadness,['morbid']
execution,sadness,['execut']
abandonment,sadness,['abandon']
crucifixion,sadness,['crucifixion']
grief,sadness,['grief']
depressed,sadness,['depress']
perish,sadness,['perish']
traumatic,sadness,['traumat']
atrocity,sadness,['atroc']
cadaver,sadness,['cadav']
betrayed,sadness,['betray']
treachery,sadness,['treacheri']
funeral,sadness,['funer']
grieve,sadness,['griev']
murderous,sadness,['murder']
miserable,sadness,['miser']
hopelessness,sadness,['hopeless']
persecution,sadness,['persecut']
sad,sadness,['sad']
suffering,sadness,['suffer']
sorrow,sadness,['sorrow']
homicide,sadness,['homicid']
slaughtering,sadness,['slaughter']
destroyed,sadness,['destroy']
horrific,sadness,['horrif']
unhappiness,sadness,['unhappi']
crippled,sadness,['crippl']
bloodshed,sadness,['bloodsh']
pained,sadness,['pain']
manslaughter,sadness,['manslaught']
carnage,sadness,['carnag']
unbearable,sadness,['unbear']
stillborn,sadness,['stillborn']
torment,sadness,['torment']
helplessness,sadness,['helpless']
annihilation,sadness,['annihil']
slavery,sadness,['slaveri']
annihilated,sadness,['annihil']
enslaved,sadness,['enslav']
casualty,sadness,['casualti']
horrors,sadness,['horror']
murder,sadness,['murder']
mourn,sadness,['mourn']
morbid,sadness,['morbid']
abandoned,sadness,['abandon']
sickness,sadness,['sick']
mutilation,sadness,['mutil']
miscarriage,sadness,['miscarriag']
starvation,sadness,['starvat']
cruelty,sadness,['cruelti']
childloss,sadness,['childloss']
disgrace,sadness,['disgrac']
killing,sadness,['kill']
oppression,sadness,['oppress']
terrorism,sadness,['terror']
failure,sadness,['failur']
famine,sadness,['famin']
heartache,sadness,['heartach']
burial,sadness,['burial']
saddens,sadness,['sadden']
distraught,sadness,['distraught']
despair,sadness,['despair']
sadly,sadness,['sad']
mournful,sadness,['mourn']
bloody,sadness,['bloodi']
inhumanity,sadness,['inhuman']
perishing,sadness,['perish']
malignancy,sadness,['malign']
mortification,sadness,['mortif']
kill,sadness,['kill']
lifeless,sadness,['lifeless']
dreadful,sadness,['dread']
slave,sadness,['slave']
desolation,sadness,['desol']
devastate,sadness,['devast']
perished,sadness,['perish']
assassination,sadness,['assassin']
mortuary,sadness,['mortuari']
dreadfully,sadness,['dread']
leukemia,sadness,['leukemia']
sarcoma,sadness,['sarcoma']
lethal,sadness,['lethal']
gallows,sadness,['gallow']
brokenheart,sadness,['brokenheart']
banishment,sadness,['banish']
afflict,sadness,['afflict']
disheartened,sadness,['dishearten']
bury,sadness,['buri']
desecration,sadness,['desecr']
demoralized,sadness,['demor']
tumour,sadness,['tumour']
terrorize,sadness,['terror']
crying,sadness,['cri']
heartbreak,sadness,['heartbreak']
die,sadness,['die']
lynch,sadness,['lynch']
sufferer,sadness,['suffer']
loneliness,sadness,['loneli']
abortion,sadness,['abort']
dismemberment,sadness,['dismember']
diseased,sadness,['diseas']
fearful,sadness,['fear']
destitute,sadness,['destitut']
torture,sadness,['tortur']
slayer,sadness,['slayer']
cemetery,sadness,['cemeteri']
fatality,sadness,['fatal']
condolence,sadness,['condol']
doomed,sadness,['doom']
painfully,sadness,['pain']
moribund,sadness,['moribund']
disaster,sadness,['disast']
depress,sadness,['depress']
condemnation,sadness,['condemn']
victimized,sadness,['victim']
obliteration,sadness,['obliter']
depressive,sadness,['depress']
terrorist,sadness,['terrorist']
guilt,sadness,['guilt']
incest,sadness,['incest']
pandemic,sadness,['pandem']
unhappy,sadness,['unhappi']
defeated,sadness,['defeat']
painful,sadness,['pain']
deplorable,sadness,['deplor']
damnation,sadness,['damnat']
doomsday,sadness,['doomsday']
corpse,sadness,['corps']
abduction,sadness,['abduct']
sorrowful,sadness,['sorrow']
regretful,sadness,['regret']
desperation,sadness,['desper']
cry,sadness,['cri']
sickening,sadness,['sicken']
hemorrhage,sadness,['hemorrhag']
unfairness,sadness,['unfair']
molestation,sadness,['molest']
exile,sadness,['exil']
abysmal,sadness,['abysm']
hellish,sadness,['hellish']
exterminate,sadness,['extermin']
disgraced,sadness,['disgrac']
homeless,sadness,['homeless']
destroying,sadness,['destroy']
battered,sadness,['batter']
betrayal,sadness,['betray']
horrid,sadness,['horrid']
warfare,sadness,['warfar']
assassin,sadness,['assassin']
disastrous,sadness,['disastr']
lonesome,sadness,['lonesom']
miserably,sadness,['miser']
morgue,sadness,['morgu']
slaughter,sadness,['slaughter']
earthquake,sadness,['earthquak']
orphan,sadness,['orphan']
listless,sadness,['listless']
grave,sadness,['grave']
emptiness,sadness,['empti']
unfortunately,sadness,['unfortun']
alienated,sadness,['alien']
fraught,sadness,['fraught']
forsaken,sadness,['forsaken']
leprosy,sadness,['leprosi']
cried,sadness,['cri']
paralysis,sadness,['paralysi']
malicious,sadness,['malici']
ashamed,sadness,['asham']
woe,sadness,['woe']
danger,sadness,['danger']
disheartening,sadness,['dishearten']
heartless,sadness,['heartless']
violently,sadness,['violent']
cripple,sadness,['crippl']
horror,sadness,['horror']
atrophy,sadness,['atrophi']
missing,sadness,['miss']
emaciated,sadness,['emaci']
pain,sadness,['pain']
demise,sadness,['demis']
sickly,sadness,['sick']
disgruntled,sadness,['disgruntl']
violence,sadness,['violenc']
rejected,sadness,['reject']
torn,sadness,['torn']
calamity,sadness,['calam']
grim,sadness,['grim']
grievous,sadness,['grievous']
hearse,sadness,['hears']
extinct,sadness,['extinct']
crushed,sadness,['crush']
isolation,sadness,['isol']
meltdown,sadness,['meltdown']
obit,sadness,['obit']
paralyzed,sadness,['paralyz']
carcinoma,sadness,['carcinoma']
suffocating,sadness,['suffoc']
deformed,sadness,['deform']
inhuman,sadness,['inhuman']
punishing,sadness,['punish']
incurable,sadness,['incur']
strangle,sadness,['strangl']
disfigured,sadness,['disfigur']
victim,sadness,['victim']
deformity,sadness,['deform']
slaughterhouse,sadness,['slaughterhous']
decomposition,sadness,['decomposit']
humiliate,sadness,['humili']
buried,sadness,['buri']
oppressor,sadness,['oppressor']
abandon,sadness,['abandon']
tearful,sadness,['tear']
isolate,sadness,['isol']
lifesucks,sadness,['lifesuck']
hell,sadness,['hell']
ruinous,sadness,['ruinous']
banish,sadness,['banish']
ruined,sadness,['ruin']
accursed,sadness,['accurs']
widow,sadness,['widow']
vanished,sadness,['vanish']
displaced,sadness,['displac']
poverty,sadness,['poverti']
illness,sadness,['ill']
hopeless,sadness,['hopeless']
travesty,sadness,['travesti']
deserted,sadness,['desert']
regretting,sadness,['regret']
loss,sadness,['loss']
pathetic,sadness,['pathet']
nohope,sadness,['nohop']
stab,sadness,['stab']
shooting,sadness,['shoot']
foreveralone,sadness,['foreveralon']
imprisoned,sadness,['imprison']
insanity,sadness,['insan']
hurtful,sadness,['hurt']
terminal,sadness,['termin']
epidemic,sadness,['epidem']
hurt,sadness,['hurt']
depraved,sadness,['deprav']
banished,sadness,['banish']
infidelity,sadness,['infidel']
neglected,sadness,['neglect']
sob,sadness,['sob']
teary,sadness,['teari']
dementia,sadness,['dementia']
widower,sadness,['widow']
hospice,sadness,['hospic']
dismissal,sadness,['dismiss']
alienation,sadness,['alien']
hardship,sadness,['hardship']
kidnap,sadness,['kidnap']
choke,sadness,['choke']
bleeding,sadness,['bleed']
outcast,sadness,['outcast']
despairing,sadness,['despair']
woefully,sadness,['woefulli']
belittle,sadness,['belittl']
evil,sadness,['evil']
disparage,sadness,['disparag']
feelingdown,sadness,['feelingdown']
imprisonment,sadness,['imprison']
frightful,sadness,['fright']
punished,sadness,['punish']
missingyou,sadness,['missingyou']
wretched,sadness,['wretch']
abortive,sadness,['abort']
obituary,sadness,['obituari']
gory,sadness,['gori']
wretch,sadness,['wretch']
poison,sadness,['poison']
coffin,sadness,['coffin']
deprivation,sadness,['depriv']
malevolent,sadness,['malevol']
wail,sadness,['wail']
disabled,sadness,['disabl']
decomposed,sadness,['decompos']
barren,sadness,['barren']
poisoned,sadness,['poison']
executioner,sadness,['execution']
disease,sadness,['diseas']
oppress,sadness,['oppress']
disembodied,sadness,['disembodi']
tear,sadness,['tear']
hate,sadness,['hate']
lonely,sadness,['lone']
dreary,sadness,['dreari']
blighted,sadness,['blight']
ailing,sadness,['ail']
demonic,sadness,['demon']
peril,sadness,['peril']
jail,sadness,['jail']
lamenting,sadness,['lament']
shitty,sadness,['shitti']
polio,sadness,['polio']
mangle,sadness,['mangl']
ruin,sadness,['ruin']
weep,sadness,['weep']
steal,sadness,['steal']
casket,sadness,['casket']
bleak,sadness,['bleak']
carcass,sadness,['carcass']
regretted,sadness,['regret']
beating,sadness,['beat']
cowardice,sadness,['cowardic']
disability,sadness,['disabl']
affliction,sadness,['afflict']
emergency,sadness,['emerg']
hatred,sadness,['hatr']
termination,sadness,['termin']
awful,sadness,['aw']
exorcism,sadness,['exorc']
sinful,sadness,['sin']
scourge,sadness,['scourg']
perilous,sadness,['peril']
poisonous,sadness,['poison']
worry,sadness,['worri']
drown,sadness,['drown']
infertility,sadness,['infertil']
shroud,sadness,['shroud']
powerless,sadness,['powerless']
woeful,sadness,['woeful']
failing,sadness,['fail']
terribly,sadness,['terribl']
inequality,sadness,['inequ']
incarceration,sadness,['incarcer']
stricken,sadness,['stricken']
psychosis,sadness,['psychosi']
disappointed,sadness,['disappoint']
demolish,sadness,['demolish']
dismay,sadness,['dismay']
lament,sadness,['lament']
burdensome,sadness,['burdensom']
mausoleum,sadness,['mausoleum']
shattered,sadness,['shatter']
tyrant,sadness,['tyrant']
disappointing,sadness,['disappoint']
insurmountable,sadness,['insurmount']
wound,sadness,['wound']
impotence,sadness,['impot']
wrecked,sadness,['wreck']
abuse,sadness,['abus']
demolished,sadness,['demolish']
palsy,sadness,['palsi']
lost,sadness,['lost']
posthumous,sadness,['posthum']
gloom,sadness,['gloom']
schizophrenia,sadness,['schizophrenia']
cursed,sadness,['curs']
undesired,sadness,['undesir']
forlorn,sadness,['forlorn']
terminate,sadness,['termin']
dishonor,sadness,['dishonor']
regret,sadness,['regret']
bitterly,sadness,['bitter']
hurting,sadness,['hurt']
duress,sadness,['duress']
oppressive,sadness,['oppress']
deteriorate,sadness,['deterior']
soulless,sadness,['soulless']
divorce,sadness,['divorc']
melancholy,sadness,['melancholi']
cremation,sadness,['cremat']
bomb,sadness,['bomb']
forsake,sadness,['forsak']
worried,sadness,['worri']
plight,sadness,['plight']
unforgiving,sadness,['unforgiv']
sepsis,sadness,['sepsi']
overwhelmed,sadness,['overwhelm']
fearfully,sadness,['fear']
languishing,sadness,['languish']
alcoholism,sadness,['alcohol']
irreparable,sadness,['irrepar']
bankrupt,sadness,['bankrupt']
gore,sadness,['gore']
debacle,sadness,['debacl']
cruel,sadness,['cruel']
injured,sadness,['injur']
faithless,sadness,['faithless']
ugliness,sadness,['ugli']
derogatory,sadness,['derogatori']
injure,sadness,['injur']
disappoint,sadness,['disappoint']
crushing,sadness,['crush']
shackle,sadness,['shackl']
dire,sadness,['dire']
sacrifices,sadness,['sacrific']
breakup,sadness,['breakup']
subjugation,sadness,['subjug']
excluded,sadness,['exclud']
sinner,sadness,['sinner']
degrading,sadness,['degrad']
worthless,sadness,['worthless']
guilty,sadness,['guilti']
shatter,sadness,['shatter']
disparaging,sadness,['disparag']
dilapidated,sadness,['dilapid']
shameful,sadness,['shame']
curse,sadness,['curs']
anthrax,sadness,['anthrax']
robbery,sadness,['robberi']
alone,sadness,['alon']
angst,sadness,['angst']
losing,sadness,['lose']
prison,sadness,['prison']
somber,sadness,['somber']
contaminated,sadness,['contamin']
deprived,sadness,['depriv']
martyrdom,sadness,['martyrdom']
irreconcilable,sadness,['irreconcil']
poaching,sadness,['poach']
bawl,sadness,['bawl']
eviction,sadness,['evict']
ill,sadness,['ill']
helpless,sadness,['helpless']
downfall,sadness,['downfal']
deportation,sadness,['deport']
crumbling,sadness,['crumbl']
distress,sadness,['distress']
disappointment,sadness,['disappoint']
demon,sadness,['demon']
nothingness,sadness,['nothing']
condolences,sadness,['condol']
crypt,sadness,['crypt']
longing,sadness,['long']
shame,sadness,['shame']
captivity,sadness,['captiv']
obliterate,sadness,['obliter']
chaos,sadness,['chao']
violation,sadness,['violat']
vendetta,sadness,['vendetta']
broken,sadness,['broken']
abyss,sadness,['abyss']
petloss,sadness,['petloss']
offender,sadness,['offend']
remorse,sadness,['remors']
betray,sadness,['betray']
dysentery,sadness,['dysenteri']
blight,sadness,['blight']
melancholic,sadness,['melanchol']
rupture,sadness,['ruptur']
traitor,sadness,['traitor']
haggard,sadness,['haggard']
lie,sadness,['lie']
cholera,sadness,['cholera']
degeneracy,sadness,['degeneraci']
undesirable,sadness,['undesir']
gloomy,sadness,['gloomi']
turmoil,sadness,['turmoil']
terrible,sadness,['terribl']
frighten,sadness,['frighten']
unwell,sadness,['unwel']
bully,sadness,['bulli']
bitterness,sadness,['bitter']
discrimination,sadness,['discrimin']
whine,sadness,['whine']
humiliation,sadness,['humili']
sordid,sadness,['sordid']
immoral,sadness,['immor']
harmful,sadness,['harm']
interment,sadness,['inter']
denied,sadness,['deni']
damage,sadness,['damag']
delirium,sadness,['delirium']
captive,sadness,['captiv']
pessimism,sadness,['pessim']
deplore,sadness,['deplor']
whimper,sadness,['whimper']
disliked,sadness,['dislik']
devil,sadness,['devil']
damages,sadness,['damag']
hateful,sadness,['hate']
bigoted,sadness,['bigot']
perdition,sadness,['perdit']
adultery,sadness,['adulteri']
corrupting,sadness,['corrupt']
worsening,sadness,['worsen']
flog,sadness,['flog']
dismal,sadness,['dismal']
comatose,sadness,['comatos']
autopsy,sadness,['autopsi']
worrying,sadness,['worri']
deceive,sadness,['deceiv']
tomb,sadness,['tomb']
deceit,sadness,['deceit']
wallow,sadness,['wallow']
pessimist,sadness,['pessimist']
rejection,sadness,['reject']
sadday,sadness,['sadday']
shipwreck,sadness,['shipwreck']
deceitful,sadness,['deceit']
urn,sadness,['urn']
punitive,sadness,['punit']
injury,sadness,['injuri']
resentment,sadness,['resent']
endocarditis,sadness,['endocard']
rheumatism,sadness,['rheumat']
infliction,sadness,['inflict']
expire,sadness,['expir']
tyranny,sadness,['tyranni']
anathema,sadness,['anathema']
pauper,sadness,['pauper']
runaway,sadness,['runaway']
upset,sadness,['upset']
departed,sadness,['depart']
martyr,sadness,['martyr']
smite,sadness,['smite']
malaria,sadness,['malaria']
hanging,sadness,['hang']
chagrin,sadness,['chagrin']
malaise,sadness,['malais']
memorial,sadness,['memori']
resignation,sadness,['resign']
absence,sadness,['absenc']
imissyou,sadness,['imissyou']
bummed,sadness,['bum']
unkind,sadness,['unkind']
isolated,sadness,['isol']
plague,sadness,['plagu']
shot,sadness,['shot']
bomber,sadness,['bomber']
hydrocephalus,sadness,['hydrocephalus']
surrendering,sadness,['surrend']
unfulfilled,sadness,['unfulfil']
discourage,sadness,['discourag']
disillusionment,sadness,['disillusion']
reject,sadness,['reject']
shun,sadness,['shun']
pity,sadness,['piti']
glum,sadness,['glum']
nefarious,sadness,['nefari']
groan,sadness,['groan']
concussion,sadness,['concuss']
dark,sadness,['dark']
incrimination,sadness,['incrimin']
weakly,sadness,['weak']
aching,sadness,['ach']
discontent,sadness,['discont']
undertaker,sadness,['undertak']
assailant,sadness,['assail']
deterioration,sadness,['deterior']
sorely,sadness,['sore']
antisocial,sadness,['antisoci']
homesick,sadness,['homesick']
confined,sadness,['confin']
inimical,sadness,['inim']
attacking,sadness,['attack']
tarnish,sadness,['tarnish']
forfeiture,sadness,['forfeitur']
theft,sadness,['theft']
outburst,sadness,['outburst']
fooled,sadness,['fool']
disgust,sadness,['disgust']
embolism,sadness,['embol']
requiem,sadness,['requiem']
console,sadness,['consol']
dispossessed,sadness,['dispossess']
disparity,sadness,['dispar']
sick,sadness,['sick']
prisoner,sadness,['prison']
embarrassment,sadness,['embarrass']
ache,sadness,['ach']
inflict,sadness,['inflict']
neurosis,sadness,['neurosi']
epitaph,sadness,['epitaph']
penance,sadness,['penanc']
sullen,sadness,['sullen']
grievance,sadness,['grievanc']
relapse,sadness,['relaps']
forgotten,sadness,['forgotten']
unpleasant,sadness,['unpleas']
disable,sadness,['disabl']
defenseless,sadness,['defenseless']
defunct,sadness,['defunct']
ridicule,sadness,['ridicul']
misfortune,sadness,['misfortun']
blindness,sadness,['blind']
unfriendly,sadness,['unfriend']
delusion,sadness,['delus']
wither,sadness,['wither']
stifled,sadness,['stifl']
elimination,sadness,['elimin']
unlucky,sadness,['unlucki']
sore,sadness,['sore']
retard,sadness,['retard']
vegetative,sadness,['veget']
stripped,sadness,['strip']
sin,sadness,['sin']
sequestration,sadness,['sequestr']
displeased,sadness,['displeas']
accident,sadness,['accid']
dumps,sadness,['dump']
hideous,sadness,['hideous']
weakness,sadness,['weak']
decayed,sadness,['decay']
unrequited,sadness,['unrequit']
dictatorship,sadness,['dictatorship']
complain,sadness,['complain']
lose,sadness,['lose']
regrettable,sadness,['regrett']
insecure,sadness,['insecur']
witchcraft,sadness,['witchcraft']
drugged,sadness,['drug']
disrespectful,sadness,['disrespect']
unfair,sadness,['unfair']
gonorrhea,sadness,['gonorrhea']
disturbed,sadness,['disturb']
rot,sadness,['rot']
negative,sadness,['negat']
howl,sadness,['howl']
dolor,sadness,['dolor']
mortality,sadness,['mortal']
mad,sadness,['mad']
atherosclerosis,sadness,['atherosclerosi']
impossible,sadness,['imposs']
crash,sadness,['crash']
injurious,sadness,['injuri']
chronic,sadness,['chronic']
frowning,sadness,['frown']
discomfort,sadness,['discomfort']
intolerant,sadness,['intoler']
ungodly,sadness,['ungod']
aftermath,sadness,['aftermath']
explode,sadness,['explod']
cringe,sadness,['cring']
battled,sadness,['battl']
deport,sadness,['deport']
nauseous,sadness,['nauseous']
exclusion,sadness,['exclus']
aggravating,sadness,['aggrav']
senile,sadness,['senil']
anxiety,sadness,['anxieti']
weary,sadness,['weari']
cytomegalovirus,sadness,['cytomegalovirus']
prosecute,sadness,['prosecut']
difficulty,sadness,['difficulti']
bier,sadness,['bier']
bankruptcy,sadness,['bankruptci']
endemic,sadness,['endem']
offended,sadness,['offend']
damper,sadness,['damper']
messedup,sadness,['messedup']
coma,sadness,['coma']
evict,sadness,['evict']
happiest,happiness,['happiest']
happiness,happiness,['happi']
bliss,happiness,['bliss']
celebrating,happiness,['celebr']
jubilant,happiness,['jubil']
ecstatic,happiness,['ecstat']
elation,happiness,['elat']
beaming,happiness,['beam']
bestdayever,happiness,['bestdayev']
loveee,happiness,['lovee']
celebration,happiness,['celebr']
awesomeness,happiness,['awesom']
joy,happiness,['joy']
happily,happiness,['happili']
fabulous,happiness,['fabul']
exuberance,happiness,['exuber']
excitement,happiness,['excit']
joyous,happiness,['joyous']
makesmehappy,happiness,['makesmehappi']
euphoria,happiness,['euphoria']
lovee,happiness,['love']
gratitude,happiness,['gratitud']
happydance,happiness,['happyd']
merriment,happiness,['merriment']
spectacular,happiness,['spectacular']
overjoyed,happiness,['overjoy']
purebliss,happiness,['purebliss']
triumphant,happiness,['triumphant']
lovelovelove,happiness,['lovelovelov']
ecstasy,happiness,['ecstasi']
cheerful,happiness,['cheer']
cheer,happiness,['cheer']
elated,happiness,['elat']
jolly,happiness,['jolli']
lovethis,happiness,['lovethi']
peaceofmind,happiness,['peaceofmind']
delighted,happiness,['delight']
exhilaration,happiness,['exhilar']
excitation,happiness,['excit']
pleasures,happiness,['pleasur']
laugh,happiness,['laugh']
marvelously,happiness,['marvel']
blissful,happiness,['bliss']
loving,happiness,['love']
outstanding,happiness,['outstand']
joyful,happiness,['joy']
pleasurable,happiness,['pleasur']
overthemoon,happiness,['overthemoon']
lovinglife,happiness,['lovinglif']
yaaaay,happiness,['yaaaay']
happyplace,happiness,['happyplac']
iloveher,happiness,['iloveh']
glee,happiness,['glee']
enthusiastic,happiness,['enthusiast']
sohappy,happiness,['sohappi']
superb,happiness,['superb']
laughing,happiness,['laugh']
woohoo,happiness,['woohoo']
wonderful,happiness,['wonder']
ilovechristmas,happiness,['ilovechristma']
hooray,happiness,['hooray']
brilliant,happiness,['brilliant']
cheering,happiness,['cheer']
glory,happiness,['glori']
tearsofjoy,happiness,['tearsofjoy']
magnificent,happiness,['magnific']
hallelujah,happiness,['hallelujah']
yayyyy,happiness,['yayyyi']
celebrated,happiness,['celebr']
loved,happiness,['love']
exciting,happiness,['excit']
heavenly,happiness,['heaven']
thrilled,happiness,['thrill']
mademyday,happiness,['mademyday']
hohoho,happiness,['hohoho']
wonderfully,happiness,['wonder']
blessing,happiness,['bless']
favoriteholiday,happiness,['favoriteholiday']
celebrate,happiness,['celebr']
celebrations,happiness,['celebr']
blessed,happiness,['bless']
festive,happiness,['festiv']
sweetness,happiness,['sweet']
paradise,happiness,['paradis']
marvellous,happiness,['marvel']
compliment,happiness,['compliment']
enchanting,happiness,['enchant']
smiling,happiness,['smile']
allsmiles,happiness,['allsmil']
love,happiness,['love']
homesweethome,happiness,['homesweethom']
thankyougod,happiness,['thankyougod']
marvelous,happiness,['marvel']
laughter,happiness,['laughter']
goodmood,happiness,['goodmood']
happyheart,happiness,['happyheart']
joys,happiness,['joy']
sensational,happiness,['sensat']
celebratory,happiness,['celebratori']
excellence,happiness,['excel']
delightful,happiness,['delight']
goodness,happiness,['good']
excited,happiness,['excit']
rejoicing,happiness,['rejoic']
greatful,happiness,['great']
jovial,happiness,['jovial']
glorious,happiness,['glorious']
victorious,happiness,['victori']
excellent,happiness,['excel']
bonanza,happiness,['bonanza']
rejoice,happiness,['rejoic']
splendid,happiness,['splendid']
enjoy,happiness,['enjoy']
lovemaking,happiness,['lovemak']
greatday,happiness,['greatday']
smiley,happiness,['smiley']
goodtimes,happiness,['goodtim']
whatmakesmesmile,happiness,['whatmakesmesmil']
happyday,happiness,['happyday']
myfavorite,happiness,['myfavorit']
yeahhhh,happiness,['yeahhhh']
gladness,happiness,['glad']
yayyy,happiness,['yayyy']
pleasure,happiness,['pleasur']
thankyoulord,happiness,['thankyoulord']
giggle,happiness,['giggl']
lovinlife,happiness,['lovinlif']
yesss,happiness,['yesss']
happytweet,happiness,['happytweet']
success,happiness,['success']
dancing,happiness,['danc']
lovemylife,happiness,['lovemylif']
happier,happiness,['happier']
magnificence,happiness,['magnific']
grateful,happiness,['grate']
happy,happiness,['happi']
amuse,happiness,['amus']
splendor,happiness,['splendor']
fun,happiness,['fun']
glorify,happiness,['glorifi']
solucky,happiness,['solucki']
glad,happiness,['glad']
enchanted,happiness,['enchant']
sothankful,happiness,['sothank']
radiant,happiness,['radiant']
beautiful,happiness,['beauti']
giggling,happiness,['giggl']
perfection,happiness,['perfect']
christmassy,happiness,['christmassi']
heavens,happiness,['heaven']
romance,happiness,['romanc']
thrilling,happiness,['thrill']
happyvalentinesday,happiness,['happyvalentinesday']
entertain,happiness,['entertain']
cheered,happiness,['cheer']
positivity,happiness,['posit']
congrats,happiness,['congrat']
cheers,happiness,['cheer']
lovable,happiness,['lovabl']
miraculous,happiness,['miracul']
fiesta,happiness,['fiesta']
funday,happiness,['funday']
enjoying,happiness,['enjoy']
amused,happiness,['amus']
smiles,happiness,['smile']
lifeisgood,happiness,['lifeisgood']
thebest,happiness,['thebest']
cuddling,happiness,['cuddl']
sosweet,happiness,['sosweet']
christmasspirit,happiness,['christmasspirit']
goodfeeling,happiness,['goodfeel']
delight,happiness,['delight']
orgasm,happiness,['orgasm']
party,happiness,['parti']
positive,happiness,['posit']
enlighten,happiness,['enlighten']
cheerfulness,happiness,['cheer']
miracles,happiness,['miracl']
sweetheart,happiness,['sweetheart']
giddy,happiness,['giddi']
christmastime,happiness,['christmastim']
pleasing,happiness,['pleas']
gratify,happiness,['gratifi']
smile,happiness,['smile']
laughs,happiness,['laugh']
greatness,happiness,['great']
friendliness,happiness,['friendli']
happyholidays,happiness,['happyholiday']
romantic,happiness,['romant']
blessings,happiness,['bless']
tistheseason,happiness,['tistheseason']
frolic,happiness,['frolic']
positiveenergy,happiness,['positiveenergi']
rewarding,happiness,['reward']
magical,happiness,['magic']
miracle,happiness,['miracl']
selflove,happiness,['selflov']
jubilee,happiness,['jubile']
triumph,happiness,['triumph']
goodvibes,happiness,['goodvib']
enthusiasm,happiness,['enthusiasm']
feelgood,happiness,['feelgood']
prosperity,happiness,['prosper']
passionate,happiness,['passion']
admiration,happiness,['admir']
feelinggood,happiness,['feelinggood']
tgif,happiness,['tgif']
victory,happiness,['victori']
enchant,happiness,['enchant']
vivacious,happiness,['vivaci']
luxurious,happiness,['luxuri']
behappy,happiness,['behappi']
greatnight,happiness,['greatnight']
goodday,happiness,['goodday']
glorification,happiness,['glorif']
glowing,happiness,['glow']
sing,happiness,['sing']
breathtaking,happiness,['breathtak']
yessss,happiness,['yessss']
fulfillment,happiness,['fulfil']
atpeace,happiness,['atpeac']
hurrah,happiness,['hurrah']
merry,happiness,['merri']
santa,happiness,['santa']
award,happiness,['award']
christmasbreak,happiness,['christmasbreak']
thankful,happiness,['thank']
cheery,happiness,['cheeri']
win,happiness,['win']
pleased,happiness,['pleas']
inspiration,happiness,['inspir']
radiance,happiness,['radianc']
uplift,happiness,['uplift']
optimistic,happiness,['optimist']
holidays,happiness,['holiday']
thrill,happiness,['thrill']
heaven,happiness,['heaven']
godisgreat,happiness,['godisgreat']
lucky,happiness,['lucki']
amusement,happiness,['amus']
congratulatory,happiness,['congratulatori']
harmony,happiness,['harmoni']
brighten,happiness,['brighten']
lover,happiness,['lover']
perfect,happiness,['perfect']
lovely,happiness,['love']
thriving,happiness,['thrive']
praising,happiness,['prais']
utopian,happiness,['utopian']
xmas,happiness,['xmas']
heartfelt,happiness,['heartfelt']
luxury,happiness,['luxuri']
treasures,happiness,['treasur']
magic,happiness,['magic']
bestfeeling,happiness,['bestfeel']
merrychristmas,happiness,['merrychristma']
achievement,happiness,['achiev']
holiday,happiness,['holiday']
yay,happiness,['yay']
luckiest,happiness,['luckiest']
intimate,happiness,['intim']
yaaay,happiness,['yaaay']
chuckle,happiness,['chuckl']
rave,happiness,['rave']
soblessed,happiness,['sobless']
proud,happiness,['proud']
cherish,happiness,['cherish']
sweetest,happiness,['sweetest']
amazingly,happiness,['amaz']
optimism,happiness,['optim']
fuckyeah,happiness,['fuckyeah']
goodnews,happiness,['goodnew']
cuddled,happiness,['cuddl']
satisfying,happiness,['satisfi']
beautification,happiness,['beautif']
truelove,happiness,['truelov']
lovelife,happiness,['lovelif']
gooood,happiness,['gooood']
goodlife,happiness,['goodlif']
appreciates,happiness,['appreci']
winning,happiness,['win']
yaay,happiness,['yaay']
entertained,happiness,['entertain']
excite,happiness,['excit']
newbeginnings,happiness,['newbegin']
praisejesus,happiness,['praisejesus']
birthday,happiness,['birthday']
exquisite,happiness,['exquisit']
content,happiness,['content']
godsend,happiness,['godsend']
thankyoujesus,happiness,['thankyoujesus']
adoration,happiness,['ador']
angelic,happiness,['angel']
greatfriends,happiness,['greatfriend']
favorite,happiness,['favorit']
metime,happiness,['metim']
honored,happiness,['honor']
holidayseason,happiness,['holidayseason']
entertaining,happiness,['entertain']
majestic,happiness,['majest']
brightens,happiness,['brighten']
exaltation,happiness,['exalt']
goodhealth,happiness,['goodhealth']
smiled,happiness,['smile']
bestfriends,happiness,['bestfriend']
memoriesiwontforget,happiness,['memoriesiwontforget']
precious,happiness,['precious']
luscious,happiness,['luscious']
appreciated,happiness,['appreci']
tranquility,happiness,['tranquil']
embrace,happiness,['embrac']
marry,happiness,['marri']
positively,happiness,['posit']
grin,happiness,['grin']
giggles,happiness,['giggl']
enliven,happiness,['enliven']
bday,happiness,['bday']
relaxation,happiness,['relax']
hug,happiness,['hug']
hilarious,happiness,['hilari']
contentment,happiness,['content']
weeeee,happiness,['weeeee']
dearest,happiness,['dearest']
accomplished,happiness,['accomplish']
fulfilled,happiness,['fulfil']
adore,happiness,['ador']
bountiful,happiness,['bounti']
victor,happiness,['victor']
boisterous,happiness,['boister']
fulfill,happiness,['fulfil']
cuddles,happiness,['cuddl']
prosperous,happiness,['prosper']
serenity,happiness,['seren']
glow,happiness,['glow']
encouraged,happiness,['encourag']
christmaseve,happiness,['christmasev']
appreciation,happiness,['appreci']
happynewyear,happiness,['happynewyear']
satisfy,happiness,['satisfi']
innerpeace,happiness,['innerpeac']
captivate,happiness,['captiv']
besties,happiness,['besti']
romanticism,happiness,['romantic']
humor,happiness,['humor']
pleasant,happiness,['pleasant']
satisfaction,happiness,['satisfact']
praised,happiness,['prais']
abundance,happiness,['abund']
treasure,happiness,['treasur']
praises,happiness,['prais']
engaged,happiness,['engag']
relaxing,happiness,['relax']
fortunes,happiness,['fortun']
nothingbetter,happiness,['nothingbett']
complement,happiness,['complement']
affection,happiness,['affect']
relieved,happiness,['reliev']
carnival,happiness,['carniv']
uplifting,happiness,['uplift']
divine,happiness,['divin']
champion,happiness,['champion']
thanksgiving,happiness,['thanksgiv']
achieve,happiness,['achiev']
jackpot,happiness,['jackpot']
priceless,happiness,['priceless']
saintly,happiness,['saint']
sensuality,happiness,['sensual']
wedding,happiness,['wed']
harmoniously,happiness,['harmoni']
honeymoon,happiness,['honeymoon']
exalt,happiness,['exalt']
twinkle,happiness,['twinkl']
cuddle,happiness,['cuddl']
felicity,happiness,['felic']
peaceful,happiness,['peac']
yayy,happiness,['yayi']
winner,happiness,['winner']
reverie,happiness,['reveri']
climax,happiness,['climax']
comforting,happiness,['comfort']
xoxo,happiness,['xoxo']
reward,happiness,['reward']
gorgeous,happiness,['gorgeous']
praisegod,happiness,['praisegod']
generosity,happiness,['generos']
hearts,happiness,['heart']
stargazing,happiness,['stargaz']
snuggling,happiness,['snuggl']
fondness,happiness,['fond']
amusing,happiness,['amus']
sweet,happiness,['sweet']
brighter,happiness,['brighter']
festival,happiness,['festiv']
sex,happiness,['sex']
kind,happiness,['kind']
parade,happiness,['parad']
genial,happiness,['genial']
applause,happiness,['applaus']
beauty,happiness,['beauti']
fulfilling,happiness,['fulfil']
aspiring,happiness,['aspir']
newlife,happiness,['newlif']
godbless,happiness,['godbless']
virtuous,happiness,['virtuous']
kiss,happiness,['kiss']
rainbows,happiness,['rainbow']
generous,happiness,['generous']
christmas,happiness,['christma']
enlightenment,happiness,['enlighten']
winnings,happiness,['win']
playful,happiness,['play']
super,happiness,['super']
awards,happiness,['award']
praiseworthy,happiness,['praiseworthi']
rekindle,happiness,['rekindl']
adorable,happiness,['ador']
elegance,happiness,['eleg']
independence,happiness,['independ']
amour,happiness,['amour']
kindness,happiness,['kind']
inspired,happiness,['inspir']
wonder,happiness,['wonder']
successful,happiness,['success']
heheh,happiness,['heheh']
onelove,happiness,['onelov']
hilarity,happiness,['hilar']
freely,happiness,['freeli']
surprises,happiness,['surpris']
entertainment,happiness,['entertain']
passion,happiness,['passion']
whimsical,happiness,['whimsic']
beautify,happiness,['beautifi']
stressfree,happiness,['stressfre']
sunrise,happiness,['sunris']
godisgood,happiness,['godisgood']
revere,happiness,['rever']
snuggled,happiness,['snuggl']
accomplishment,happiness,['accomplish']
jesus,happiness,['jesus']
angel,happiness,['angel']
goodmusic,happiness,['goodmus']
inspire,happiness,['inspir']
flirt,happiness,['flirt']
thankgod,happiness,['thankgod']
whoo,happiness,['whoo']
goodies,happiness,['goodi']
peacefully,happiness,['peac']
fanfare,happiness,['fanfar']
friendship,happiness,['friendship']
heroic,happiness,['heroic']
summer,happiness,['summer']
fortune,happiness,['fortun']
highest,happiness,['highest']
singing,happiness,['sing']
exalted,happiness,['exalt']
woot,happiness,['woot']
contented,happiness,['content']
overflowing,happiness,['overflow']
rollicking,happiness,['rollick']
hope,happiness,['hope']
accolade,happiness,['accolad']
cozy,happiness,['cozi']
delicious,happiness,['delici']
ambition,happiness,['ambit']
friendly,happiness,['friend']
praise,happiness,['prais']
raving,happiness,['rave']
sensuous,happiness,['sensuous']
picturesque,happiness,['picturesqu']
thelife,happiness,['thelif']
everlasting,happiness,['everlast']
darling,happiness,['darl']
sparkle,happiness,['sparkl']
yeahhh,happiness,['yeahhh']
flattering,happiness,['flatter']
succeeding,happiness,['succeed']
peace,happiness,['peac']
heroism,happiness,['heroism']
luckygirl,happiness,['luckygirl']
sensual,happiness,['sensual']
grace,happiness,['grace']
special,happiness,['special']
livelife,happiness,['livelif']
tantalizing,happiness,['tantal']
pumped,happiness,['pump']
relax,happiness,['relax']
hero,happiness,['hero']
sweets,happiness,['sweet']
admirable,happiness,['admir']
yey,happiness,['yey']
surprise,happiness,['surpris']
hugs,happiness,['hug']
prosper,happiness,['prosper']
revels,happiness,['revel']
sunny,happiness,['sunni']
prevail,happiness,['prevail']
liking,happiness,['like']
humorous,happiness,['humor']
worthwhile,happiness,['worthwhil']
superstar,happiness,['superstar']
bless,happiness,['bless']
favorable,happiness,['favor']
tenderness,happiness,['tender']
newyear,happiness,['newyear']
freedom,happiness,['freedom']
masterpiece,happiness,['masterpiec']
dreams,happiness,['dream']
hopeful,happiness,['hope']
home,happiness,['home']
cruising,happiness,['cruis']
gracias,happiness,['gracia']
faithfulness,happiness,['faith']
eagerness,happiness,['eager']
closeness,happiness,['close']
sunshine,happiness,['sunshin']
comfy,happiness,['comfi']
gift,happiness,['gift']
bonus,happiness,['bonus']
daughter,happiness,['daughter']
vacation,happiness,['vacat']
confidence,happiness,['confid']
zeal,happiness,['zeal']
astonishment,happiness,['astonish']
heart,happiness,['heart']
completion,happiness,['complet']
gifts,happiness,['gift']
mistletoe,happiness,['mistleto']
elite,happiness,['elit']
good,happiness,['good']
celestial,happiness,['celesti']
illuminate,happiness,['illumin']
lifted,happiness,['lift']
goodmorning,happiness,['goodmorn']
charmed,happiness,['charm']
encouragement,happiness,['encourag']
sublime,happiness,['sublim']
dance,happiness,['danc']
recreation,happiness,['recreat']
gush,happiness,['gush']
god,happiness,['god']
free,happiness,['free']
freshstart,happiness,['freshstart']
savior,happiness,['savior']
sanctuary,happiness,['sanctuari']
grandchildren,happiness,['grandchildren']
wellness,happiness,['well']
revel,happiness,['revel']
alive,happiness,['aliv']
bridal,happiness,['bridal']
inspirational,happiness,['inspir']
vitality,happiness,['vital']
liberation,happiness,['liber']
holiness,happiness,['holi']
firstborn,happiness,['firstborn']
money,happiness,['money']
rainbow,happiness,['rainbow']
dayoff,happiness,['dayoff']
serene,happiness,['seren']
confident,happiness,['confid']
soothing,happiness,['sooth']
music,happiness,['music']
matrimony,happiness,['matrimoni']
soar,happiness,['soar']
savor,happiness,['savor']
fab,happiness,['fab']
mastery,happiness,['masteri']
warmth,happiness,['warmth']
elegant,happiness,['eleg']
glimmer,happiness,['glimmer']
blossom,happiness,['blossom']
illumination,happiness,['illumin']
welcomed,happiness,['welcom']
treat,happiness,['treat']
faithful,happiness,['faith']
snuggles,happiness,['snuggl']
laurels,happiness,['laurel']
commendable,happiness,['commend']
strengthening,happiness,['strengthen']
succeed,happiness,['succeed']
aspire,happiness,['aspir']
abundant,happiness,['abund']
powerful,happiness,['power']
almighty,happiness,['almighti']
jingle,happiness,['jingl']
silly,happiness,['silli']
remarkable,happiness,['remark']
zest,happiness,['zest']
pride,happiness,['pride']
brotherly,happiness,['brother']
greeted,happiness,['greet']
presents,happiness,['present']
resplendent,happiness,['resplend']
fancy,happiness,['fanci']
noschool,happiness,['noschool']
leisure,happiness,['leisur']
vivid,happiness,['vivid']
thanking,happiness,['thank']
therapeutic,happiness,['therapeut']
familytime,happiness,['familytim']
zen,happiness,['zen']
reunited,happiness,['reunit']
animated,happiness,['anim']
comfort,happiness,['comfort']
princely,happiness,['princ']
shining,happiness,['shine']
complete,happiness,['complet']
kudos,happiness,['kudo']
payday,happiness,['payday']
cutie,happiness,['cuti']
coronation,happiness,['coron']
spirit,happiness,['spirit']
newme,happiness,['newm']
kid,happiness,['kid']
marriage,happiness,['marriag']
relationship,happiness,['relationship']
daymade,happiness,['daymad']
godly,happiness,['god']
spouse,happiness,['spous']
intimately,happiness,['intim']
achieved,happiness,['achiev']
soulful,happiness,['soul']
welcoming,happiness,['welcom']
satisfied,happiness,['satisfi']
family,happiness,['famili']
meritorious,happiness,['meritori']
purr,happiness,['purr']
motherhood,happiness,['motherhood']
carefree,happiness,['carefre']
gem,happiness,['gem']
excel,happiness,['excel']
healthy,happiness,['healthi']
surreal,happiness,['surreal']
diamond,happiness,['diamond']
charitable,happiness,['charit']
inviting,happiness,['invit']
erotic,happiness,['erot']
memorable,happiness,['memor']
veracity,happiness,['verac']
friends,happiness,['friend']
stressrelief,happiness,['stressrelief']
holyspirit,happiness,['holyspirit']
respect,happiness,['respect']
beach,happiness,['beach']
nature,happiness,['natur']
dignity,happiness,['digniti']
bloom,happiness,['bloom']
accomplish,happiness,['accomplish']
christ,happiness,['christ']
encourage,happiness,['encourag']
teamjesus,happiness,['teamjesus']
visionary,happiness,['visionari']
baby,happiness,['babi']
refreshed,happiness,['refresh']
