text,affect
outraged,anger
brutality,anger
hatred,anger
hateful,anger
terrorize,anger
infuriated,anger
violently,anger
furious,anger
enraged,anger
furiously,anger
murderer,anger
fury,anger
execution,anger
angered,anger
savagery,anger
slaughtering,anger
assassinate,anger
annihilation,anger
rage,anger
loathe,anger
damnation,anger
fucktard,anger
homicidal,anger
roadrage,anger
furor,anger
hostile,anger
annihilate,anger
murder,anger
raging,anger
explosive,anger
infuriates,anger
pissed,anger
ferocious,anger
obliterated,anger
rape,anger
vengeful,anger
sopissed,anger
killing,anger
combative,anger
gofuckyourself,anger
vengeance,anger
wrath,anger
torment,anger
vicious,anger
massacre,anger
threatening,anger
abhorrent,anger
pissoff,anger
bloodthirsty,anger
fighting,anger
attacking,anger
annihilated,anger
bloodshed,anger
angriest,anger
smite,anger
brawl,anger
malicious,anger
tirade,anger
assault,anger
hostility,anger
explode,anger
assassination,anger
strangle,anger
loathsome,anger
murderous,anger
attack,anger
hell,anger
malice,anger
terrorism,anger
beating,anger
desecration,anger
pissingmeoff,anger
outrage,anger
destroying,anger
irate,anger
infuriate,anger
stab,anger
violent,anger
tumultuous,anger
abomination,anger
slaughter,anger
obliterate,anger
belligerent,anger
dumbbitch,anger
detest,anger
hostilities,anger
prick,anger
torture,anger
rabid,anger
rampage,anger
horrid,anger
cruelty,anger
despicable,anger
tyrannical,anger
demonic,anger
hating,anger
ragemode,anger
hate,anger
satanic,anger
ruinous,anger
condemn,anger
dickhead,anger
demolish,anger
angry,anger
riots,anger
extermination,anger
livid,anger
madman,anger
vindictive,anger
terrorist,anger
threaten,anger
hateyou,anger
effyou,anger
ferocity,anger
venomous,anger
abhor,anger
savage,anger
atrocity,anger
carnage,anger
angrytweet,anger
barbaric,anger
vendetta,anger
destroyer,anger
pissedoff,anger
abuse,anger
fuming,anger
pissesmeoff,anger
berserk,anger
fierce,anger
fucksake,anger
tyrant,anger
anger,anger
pieceofshit,anger
homicide,anger
slam,anger
punching,anger
bitch,anger
fights,anger
punched,anger
ruthless,anger
destructive,anger
villainous,anger
slap,anger
yelling,anger
ragetweet,anger
punishing,anger
diabolical,anger
riot,anger
growthefuckup,anger
destroyed,anger
retaliatory,anger
slaughterhouse,anger
manslaughter,anger
clash,anger
detonation,anger
sinister,anger
hellish,anger
quarrel,anger
bloody,anger
loath,anger
treacherous,anger
fumin,anger
hateeee,anger
accusing,anger
horrific,anger
revulsion,anger
madder,anger
retaliate,anger
scorn,anger
deplorable,anger
bomb,anger
resent,anger
devastation,anger
anarchist,anger
firestorm,anger
contemptible,anger
shittest,anger
smash,anger
cruel,anger
soangry,anger
rant,anger
deadly,anger
outburst,anger
snarl,anger
offend,anger
crazed,anger
revolting,anger
aggravating,anger
horror,anger
despise,anger
dontmesswithme,anger
stfu,anger
growling,anger
profane,anger
vulgarity,anger
douchebags,anger
fuckedoff,anger
violence,anger
molestation,anger
screaming,anger
erupt,anger
horrible,anger
threat,anger
bastards,anger
revenge,anger
catastrophe,anger
menacing,anger
damn,anger
demon,anger
crushing,anger
thrash,anger
riotous,anger
fedup,anger
deplore,anger
warfare,anger
argue,anger
vehement,anger
persecute,anger
flog,anger
revolt,anger
altercation,anger
warlike,anger
shitday,anger
castrate,anger
mutiny,anger
sabotage,anger
malevolent,anger
strike,anger
disaster,anger
disastrous,anger
madden,anger
scream,anger
arseholes,anger
brutal,anger
horseshit,anger
bastarding,anger
tumult,anger
disdain,anger
devil,anger
slay,anger
aggravates,anger
treachery,anger
vermin,anger
scorching,anger
choke,anger
spiteful,anger
mutilation,anger
mangle,anger
criminal,anger
anarchism,anger
punch,anger
denunciation,anger
holocaust,anger
virulence,anger
fatal,anger
blasphemous,anger
hurting,anger
dontlikeyou,anger
dumbasses,anger
battled,anger
crucifixion,anger
irritated,anger
evil,anger
atrocious,anger
deranged,anger
kidnap,anger
aggravated,anger
assassin,anger
scolding,anger
dicks,anger
slayer,anger
intimidation,anger
persecution,anger
aggression,anger
armed,anger
poison,anger
venom,anger
snarling,anger
battle,anger
disgruntled,anger
assailant,anger
resentment,anger
insidious,anger
lynch,anger
contemptuous,anger
infanticide,anger
imprisonment,anger
temper,anger
terrible,anger
mad,anger
lunatic,anger
domination,anger
peeved,anger
makesmemad,anger
bully,anger
curse,anger
disparage,anger
volatility,anger
eradication,anger
devastate,anger
tantrum,anger
scoundrel,anger
eradicate,anger
aggressively,anger
agitation,anger
dictatorship,anger
irritates,anger
profanity,anger
shot,anger
expletive,anger
nasty,anger
crime,anger
poisonous,anger
corrupting,anger
dastardly,anger
shoot,anger
shove,anger
condemnation,anger
aggravation,anger
wreak,anger
egregious,anger
contempt,anger
crushed,anger
harmful,anger
cruelly,anger
maniac,anger
combat,anger
aggressive,anger
hit,anger
fight,anger
shout,anger
cutthroat,anger
irritable,anger
odious,anger
shooting,anger
kick,anger
eruption,anger
enemy,anger
punished,anger
ambush,anger
yell,anger
harass,anger
incense,anger
gore,anger
malignant,anger
grudge,anger
antichrist,anger
aggressor,anger
expel,anger
destruction,anger
cranky,anger
growl,anger
slave,anger
spank,anger
denounce,anger
reprisal,anger
insulting,anger
clashing,anger
insurrection,anger
offended,anger
animosity,anger
growls,anger
executioner,anger
twat,anger
doomsday,anger
arson,anger
grr,anger
daemon,anger
spat,anger
obscenity,anger
havoc,anger
shackle,anger
accused,anger
feud,anger
expulsion,anger
indignant,anger
reprimand,anger
inexcusable,anger
bombard,anger
somad,anger
spanking,anger
suicidal,anger
anarchy,anger
combatant,anger
hanging,anger
poisoned,anger
frustrated,anger
wound,anger
glaring,anger
batter,anger
disgusting,anger
kicking,anger
inflict,anger
wrecked,anger
grievous,anger
prosecute,anger
agitated,anger
cheat,anger
swastika,anger
raid,anger
cursing,anger
harassing,anger
provocation,anger
strife,anger
suffocation,anger
defamatory,anger
scourge,anger
injure,anger
enslaved,anger
indict,anger
betray,anger
thundering,anger
arsehole,anger
jerk,anger
insane,anger
retaliation,anger
deprivation,anger
convict,anger
theft,anger
irritate,anger
fiend,anger
cussed,anger
turmoil,anger
smack,anger
retribution,anger
slavery,anger
irritability,anger
bitterly,anger
battery,anger
antagonism,anger
twats,anger
oppressor,anger
injurious,anger
intolerable,anger
gang,anger
rebellion,anger
collision,anger
adverse,anger
disgraced,anger
revolution,anger
diatribe,anger
asshole,anger
ranting,anger
thug,anger
antagonistic,anger
blast,anger
sickening,anger
irritating,anger
irks,anger
bombardment,anger
discrimination,anger
frustrate,anger
oppression,anger
insult,anger
tiredofit,anger
manipulation,anger
bigot,anger
tension,anger
hurtful,anger
disgust,anger
spite,anger
intrusive,anger
harshness,anger
slur,anger
wretch,anger
invasion,anger
morbidity,anger
assail,anger
tempest,anger
miserable,anger
puncture,anger
casualty,anger
bitterness,anger
inferno,anger
storming,anger
consternation,anger
raving,anger
guilty,anger
depraved,anger
immoral,anger
forcibly,anger
overpowering,anger
guillotine,anger
recalcitrant,anger
accursed,anger
invader,anger
scare,anger
screwed,anger
soannoyed,anger
jealousy,anger
indignation,anger
vexed,anger
confront,anger
brute,anger
throttle,anger
bickering,anger
coup,anger
defiant,anger
criminality,anger
provoking,anger
conflict,anger
revolver,anger
butcher,anger
lash,anger
incarceration,anger
contentious,anger
shutit,anger
yousuck,anger
damage,anger
wreck,anger
pillage,anger
shutup,anger
blaze,anger
slut,anger
cancer,anger
blasphemy,anger
disturbance,anger
dontmess,anger
standoff,anger
pernicious,anger
alienation,anger
gun,anger
discord,anger
grope,anger
chaotic,anger
frustration,anger
gory,anger
condescension,anger
discriminate,anger
friggen,anger
death,anger
lunacy,anger
jab,anger
oppressive,anger
cursed,anger
monstrosity,anger
scandalous,anger
sneer,anger
shit,anger
slash,anger
disparaging,anger
unfair,anger
gallows,anger
escalate,anger
intolerant,anger
lawlessness,anger
grouchy,anger
bellows,anger
traitor,anger
frightful,anger
perdition,anger
slander,anger
taunt,anger
invade,anger
wrangling,anger
malign,anger
bluddy,anger
arghh,anger
dreadful,anger
bearish,anger
derogatory,anger
glare,anger
deceived,anger
torpedo,anger
retards,anger
beast,anger
cross,anger
hurt,anger
banshee,anger
uncontrollable,anger
shatter,anger
jeopardize,anger
devastating,anger
conflagration,anger
thief,anger
idiots,anger
fits,anger
grating,anger
rave,anger
dissension,anger
betrayal,anger
disturbed,anger
subjugation,anger
stomped,anger
grab,anger
ticked,anger
grievance,anger
masochism,anger
defiance,anger
blackmail,anger
offensive,anger
decry,anger
sin,anger
violation,anger
confine,anger
fustrated,anger
overbearing,anger
deceive,anger
misery,anger
rebel,anger
punishment,anger
firearms,anger
darkside,anger
arghhhh,anger
disparity,anger
frustrates,anger
disgraceful,anger
shrill,anger
ire,anger
preposterous,anger
hadenough,anger
stolen,anger
prejudice,anger
annoyin,anger
humiliate,anger
resentful,anger
conspirator,anger
callous,anger
ruined,anger
adversary,anger
menace,anger
wanker,anger
antagonist,anger
skirmish,anger
tackle,anger
heated,anger
foul,anger
argument,anger
sting,anger
grumble,anger
robbery,anger
entangled,anger
outcry,anger
irreconcilable,anger
resistance,anger
obstructive,anger
dismay,anger
mob,anger
juststop,anger
badness,anger
ridicule,anger
incendiary,anger
flares,anger
uprising,anger
twofaced,anger
exacerbation,anger
dispute,anger
whip,anger
communism,anger
prejudicial,anger
intruder,anger
belittle,anger
confinement,anger
unbridled,anger
allegation,anger
reckless,anger
degeneracy,anger
dictatorial,anger
unjustifiable,anger
bigoted,anger
unjust,anger
hassle,anger
perversion,anger
offender,anger
fiesty,anger
tackled,anger
dissonance,anger
renegade,anger
hot,anger
prison,anger
cantstandit,anger
trespass,anger
suicide,anger
annoy,anger
leavemealone,anger
dishonest,anger
depravity,anger
distrust,anger
broil,anger
idiotic,anger
treason,anger
venting,anger
tortious,anger
duress,anger
criticize,anger
grrr,anger
inimical,anger
disrespectful,anger
cretins,anger
prisoner,anger
divorce,anger
chaos,anger
coercion,anger
unforgiving,anger
unkind,anger
frustrating,anger
bile,anger
unleash,anger
argumentation,anger
jerks,anger
pow,anger
grump,anger
hangry,anger
victimized,anger
poachers,anger
scold,anger
poaching,anger
roar,anger
tussle,anger
bane,anger
repudiation,anger
accusation,anger
enmity,anger
banish,anger
disfigured,anger
storm,anger
fear,anger
crazy,anger
anguish,anger
confined,anger
scoff,anger
shun,anger
derogation,anger
banished,anger
hammering,anger
brunt,anger
possessed,anger
nobodycares,anger
frenzied,anger
ordeal,anger
delusional,anger
reject,anger
obstruct,anger
foaming,anger
intractable,anger
bout,anger
brazen,anger
patronising,anger
rejects,anger
fervor,anger
dominate,anger
derision,anger
spear,anger
suppression,anger
animus,anger
unruly,anger
disrupting,anger
malpractice,anger
defy,anger
injustice,anger
antithesis,anger
torture,fear
terrorist,fear
horrific,fear
terrorism,fear
terrorists,fear
suicidebombing,fear
kill,fear
homicidal,fear
terror,fear
murderer,fear
catastrophe,fear
annihilate,fear
dying,fear
war,fear
bombing,fear
bomb,fear
missiles,fear
horror,fear
horrified,fear
terrorize,fear
brutality,fear
bloodthirsty,fear
murderous,fear
massacre,fear
horrifying,fear
mutilation,fear
assassinate,fear
terrifying,fear
fatality,fear
horrors,fear
demon,fear
murder,fear
devastation,fear
killing,fear
terrified,fear
holocaust,fear
suicidal,fear
kidnap,fear
crucifixion,fear
slaughter,fear
assault,fear
doomed,fear
poisoned,fear
suicide,fear
explosion,fear
disastrous,fear
dismemberment,fear
annihilation,fear
savagery,fear
deadly,fear
slaughtering,fear
suffocation,fear
disaster,fear
threatening,fear
assassin,fear
rape,fear
hell,fear
slaughterhouse,fear
guillotine,fear
explosive,fear
annihilated,fear
demonic,fear
ihatespiders,fear
bloodshed,fear
dread,fear
homicide,fear
barbaric,fear
anthrax,fear
molestation,fear
warfare,fear
peril,fear
tragedy,fear
attacking,fear
paralyzed,fear
executioner,fear
suffocating,fear
treachery,fear
fright,fear
apocalypse,fear
bombardment,fear
afraid,fear
frightening,fear
frightened,fear
scariest,fear
panicked,fear
morgue,fear
traumatic,fear
execution,fear
monster,fear
vengeance,fear
destroying,fear
slayer,fear
abomination,fear
painful,fear
drown,fear
petrified,fear
scare,fear
death,fear
chaos,fear
ghastly,fear
evil,fear
explode,fear
devil,fear
fatal,fear
doomsday,fear
doom,fear
frighten,fear
cancer,fear
fear,fear
nightmare,fear
manslaughter,fear
trauma,fear
eradication,fear
gunmen,fear
intruder,fear
brutal,fear
violently,fear
grenade,fear
hellish,fear
assassination,fear
kidnapped,fear
paralyze,fear
morbidity,fear
crippling,fear
savage,fear
violence,fear
destructive,fear
crushed,fear
suffering,fear
violent,fear
heartattack,fear
damnation,fear
poisonous,fear
aggressor,fear
earthquake,fear
shooting,fear
quake,fear
frightful,fear
hurricane,fear
imprisoned,fear
exterminate,fear
fearing,fear
hemorrhage,fear
torment,fear
lethal,fear
venom,fear
claustrophobia,fear
snakes,fear
danger,fear
robbery,fear
exorcism,fear
obliterated,fear
terrifies,fear
extermination,fear
harmful,fear
incurable,fear
poison,fear
cruelty,fear
biggestfear,fear
mortality,fear
monstrosity,fear
destruction,fear
persecution,fear
anxietyattack,fear
attack,fear
hysteria,fear
bombers,fear
cyanide,fear
dreadfully,fear
arson,fear
devastate,fear
tyrant,fear
warcrimes,fear
perish,fear
feared,fear
screaming,fear
maniac,fear
freakingout,fear
bloody,fear
venomous,fear
rampage,fear
enslaved,fear
warlike,fear
lifeless,fear
snake,fear
epidemic,fear
panicattack,fear
dangerously,fear
invader,fear
crisis,fear
detonate,fear
hazardous,fear
jihad,fear
die,fear
scary,fear
invade,fear
reprisal,fear
obliterate,fear
riot,fear
criminal,fear
tumor,fear
violation,fear
fearful,fear
inferno,fear
ohshit,fear
shipwreck,fear
leprosy,fear
claustrophobic,fear
hyperventilating,fear
nightmares,fear
destroyed,fear
ghostly,fear
hurricanes,fear
tyranny,fear
panic,fear
ptsd,fear
dangerous,fear
strangle,fear
tragedies,fear
wrenching,fear
hazard,fear
destroyer,fear
projectiles,fear
cholera,fear
obliteration,fear
slavery,fear
imprisonment,fear
agony,fear
anaconda,fear
anarchist,fear
treacherous,fear
riotous,fear
mortuary,fear
dreadful,fear
anarchy,fear
fears,fear
accident,fear
malignancy,fear
bombard,fear
cannibal,fear
abominable,fear
tyrannical,fear
depraved,fear
mutiny,fear
scared,fear
dictatorship,fear
beast,fear
missile,fear
cursed,fear
melee,fear
threaten,fear
hostage,fear
diseased,fear
gore,fear
devilish,fear
malignant,fear
misery,fear
horrible,fear
shot,fear
bomber,fear
hyperventilate,fear
crash,fear
gun,fear
shoot,fear
victimized,fear
paralysis,fear
mafia,fear
tornado,fear
turmoil,fear
combat,fear
alligator,fear
ruin,fear
shooter,fear
contagious,fear
miscarriage,fear
lynch,fear
desperation,fear
casualty,fear
devastating,fear
seizure,fear
starvation,fear
excruciating,fear
phobia,fear
harm,fear
crime,fear
emergency,fear
shock,fear
fight,fear
injured,fear
scream,fear
struggle,fear
havoc,fear
mortification,fear
frantically,fear
carnage,fear
standoff,fear
infestation,fear
soscary,fear
panicking,fear
rupture,fear
frantic,fear
horrid,fear
burial,fear
arsenic,fear
neurotic,fear
carcinoma,fear
witchcraft,fear
hysterical,fear
deranged,fear
prey,fear
infectious,fear
assailant,fear
sabotage,fear
psychosis,fear
hatred,fear
terminal,fear
collapse,fear
anguish,fear
grisly,fear
diabolical,fear
avalanche,fear
dreaded,fear
gash,fear
sos,fear
aggressive,fear
malevolent,fear
agonizing,fear
cobra,fear
harrowing,fear
fugitive,fear
wrecked,fear
armed,fear
cripple,fear
freaked,fear
schizophrenia,fear
plague,fear
upheaval,fear
vendetta,fear
forcibly,fear
abduction,fear
crocodile,fear
offender,fear
mayhem,fear
wounding,fear
disease,fear
agoraphobia,fear
brawl,fear
banish,fear
oppression,fear
hostile,fear
guerilla,fear
cyclone,fear
radiation,fear
hopeless,fear
ambush,fear
beastly,fear
shrapnel,fear
socialanxiety,fear
cadaver,fear
leukemia,fear
rabid,fear
endanger,fear
contagion,fear
anarchism,fear
hurt,fear
trepidation,fear
gory,fear
paranoid,fear
alarm,fear
blast,fear
gallows,fear
coffin,fear
madness,fear
spook,fear
fury,fear
awful,fear
victim,fear
ghost,fear
trembling,fear
scarier,fear
stab,fear
viper,fear
nervouswreck,fear
tarantula,fear
thug,fear
dungeon,fear
carcass,fear
freakedout,fear
vermin,fear
felon,fear
atrocity,fear
fangs,fear
militants,fear
perishing,fear
militia,fear
grim,fear
outbreak,fear
abhorrent,fear
abuse,fear
frankenstorm,fear
sinister,fear
menace,fear
hurting,fear
gang,fear
crushing,fear
combatant,fear
eruption,fear
shatter,fear
persecute,fear
revolver,fear
injury,fear
mangle,fear
soscared,fear
menacing,fear
desolation,fear
ferocious,fear
battered,fear
cutthroat,fear
pandemic,fear
volcano,fear
scares,fear
cruelly,fear
nefarious,fear
fearfully,fear
purgatory,fear
despotic,fear
tumult,fear
malicious,fear
emetophobia,fear
selfharm,fear
lunatic,fear
bully,fear
typhoon,fear
xenophobia,fear
treason,fear
oppressive,fear
battlefield,fear
dictator,fear
smash,fear
radioactive,fear
encroachment,fear
stroke,fear
traitor,fear
blizzard,fear
coma,fear
cruel,fear
endangered,fear
armament,fear
ruthless,fear
punishment,fear
shitless,fear
neurosis,fear
debauchery,fear
spider,fear
distress,fear
alarming,fear
revenge,fear
crazed,fear
insane,fear
projectile,fear
flog,fear
bang,fear
ransom,fear
criminality,fear
hanging,fear
deteriorate,fear
dementia,fear
punished,fear
perturbation,fear
haunt,fear
raptors,fear
abortion,fear
despair,fear
cantbreathe,fear
scoundrel,fear
isolated,fear
quivering,fear
duress,fear
dreading,fear
targeted,fear
rattlesnake,fear
demise,fear
warlock,fear
perilous,fear
dastardly,fear
raging,fear
injurious,fear
intimidate,fear
conflict,fear
wildfire,fear
wreck,fear
tumour,fear
retaliation,fear
vehement,fear
demented,fear
hideous,fear
banshee,fear
antichrist,fear
aghast,fear
bestial,fear
serpent,fear
condemnation,fear
corrosive,fear
armaments,fear
fire,fear
exclusion,fear
nervousness,fear
seize,fear
pneumonia,fear
spiders,fear
revolting,fear
vampire,fear
mercenary,fear
sarcoma,fear
incarceration,fear
manic,fear
injure,fear
smuggler,fear
pestilence,fear
hurtful,fear
stunned,fear
vengeful,fear
irreparable,fear
lunacy,fear
thundering,fear
disfigured,fear
artillery,fear
incendiary,fear
daemon,fear
wracking,fear
turbulent,fear
landslide,fear
malice,fear
enemy,fear
combative,fear
sickening,fear
repression,fear
infection,fear
wicked,fear
inhuman,fear
meltdown,fear
prison,fear
ruinous,fear
madman,fear
virulence,fear
ill,fear
barbarian,fear
battled,fear
plummet,fear
blackmail,fear
hangman,fear
contaminated,fear
darkened,fear
merciless,fear
beating,fear
aggression,fear
injection,fear
alienation,fear
insurmountable,fear
dagger,fear
conflagration,fear
butcher,fear
malaria,fear
interrogation,fear
despotism,fear
wrath,fear
prosecute,fear
disintegrate,fear
shackle,fear
oblivion,fear
homeless,fear
sufferer,fear
rob,fear
ogre,fear
oppressor,fear
abandonment,fear
deplorable,fear
injuring,fear
illness,fear
bleeding,fear
infanticide,fear
scourge,fear
threat,fear
firearms,fear
nerves,fear
raid,fear
eviction,fear
villain,fear
torrent,fear
pounding,fear
haze,fear
cardiomyopathy,fear
infidel,fear
deceit,fear
possessed,fear
dragon,fear
terrible,fear
belligerent,fear
restrained,fear
goblin,fear
hypertrophy,fear
paranoia,fear
tribulation,fear
flee,fear
shelling,fear
masochism,fear
tremor,fear
burglar,fear
sickness,fear
anxiety,fear
pain,fear
sepsis,fear
euthanasia,fear
omen,fear
foe,fear
ominous,fear
fraught,fear
convict,fear
rot,fear
casket,fear
accursed,fear
lightning,fear
villainous,fear
wounded,fear
elimination,fear
lava,fear
spank,fear
hostilities,fear
dismal,fear
blockade,fear
punch,fear
haunted,fear
angina,fear
infliction,fear
dispossessed,fear
tumultuous,fear
quarantine,fear
desecration,fear
coward,fear
eatingdisorders,fear
grizzly,fear
demoralized,fear
worry,fear
curse,fear
deprivation,fear
shudder,fear
bacteria,fear
pained,fear
stealing,fear
failure,fear
sostressed,fear
hateful,fear
forbidding,fear
cringe,fear
parasite,fear
loss,fear
abyss,fear
surgery,fear
volatility,fear
apprehensive,fear
confined,fear
clashing,fear
jeopardy,fear
shady,fear
jail,fear
dire,fear
evacuate,fear
assail,fear
perdition,fear
mob,fear
toxin,fear
unholy,fear
comatose,fear
pillage,fear
incest,fear
wound,fear
forced,fear
cowardice,fear
domination,fear
crypt,fear
witch,fear
smuggle,fear
worries,fear
banished,fear
purge,fear
inflict,fear
masks,fear
afflict,fear
sacrifices,fear
deterioration,fear
eeek,fear
gunpowder,fear
misfortune,fear
ulcer,fear
incubus,fear
apprehend,fear
lawsuit,fear
distressing,fear
prisoner,fear
jitters,fear
corrupting,fear
thrash,fear
martyr,fear
travesty,fear
duel,fear
pitfall,fear
evasion,fear
overpowering,fear
vanished,fear
impending,fear
risky,fear
martyrdom,fear
appalling,fear
syncope,fear
polio,fear
risk,fear
confine,fear
grave,fear
turbulence,fear
degrading,fear
punishing,fear
powerless,fear
incrimination,fear
freak,fear
mange,fear
hunter,fear
unsafe,fear
sin,fear
worstfeeling,fear
perpetrator,fear
occult,fear
intimidation,fear
disable,fear
decay,fear
affliction,fear
autopsy,fear
vulnerability,fear
flood,fear
bondage,fear
abhor,fear
overthrow,fear
appendicitis,fear
outcry,fear
cannon,fear
siren,fear
growling,fear
jeopardize,fear
deformity,fear
samurai,fear
neuralgia,fear
talons,fear
defenseless,fear
beware,fear
noxious,fear
asylum,fear
scorpion,fear
outburst,fear
derogation,fear
enmity,fear
ailing,fear
scandal,fear
adder,fear
communism,fear
thief,fear
plunge,fear
precarious,fear
expulsion,fear
mad,fear
brigade,fear
needles,fear
insanity,fear
apparition,fear
senile,fear
coercion,fear
gonorrhea,fear
retribution,fear
uprising,fear
cemetery,fear
badness,fear
phantom,fear
abandoned,fear
fled,fear
rejection,fear
rebellion,fear
disembodied,fear
captor,fear
stormy,fear
stalk,fear
wrangling,fear
helpless,fear
subjugation,fear
slave,fear
hopelessness,fear
superstitious,fear
broken,fear
manifestation,fear
cowardly,fear
abandon,fear
deserted,fear
jarring,fear
frenzied,fear
theft,fear
bacterium,fear
saber,fear
manipulation,fear
lawlessness,fear
impotence,fear
penetration,fear
swastika,fear
atherosclerosis,fear
shaking,fear
carnivorous,fear
eek,fear
leeches,fear
buried,fear
harbinger,fear
endocarditis,fear
failing,fear
stressed,fear
punish,fear
unstable,fear
freakout,fear
incursion,fear
distrust,fear
suspense,fear
blood,fear
bear,fear
hiding,fear
unlawful,fear
crazy,fear
anxious,fear
cult,fear
captive,fear
deportation,fear
detainee,fear
enforce,fear
suspect,fear
oppress,fear
revulsion,fear
grievous,fear
fang,fear
exile,fear
insidious,fear
plunder,fear
foreboding,fear
intolerance,fear
incite,fear
sorcery,fear
emaciated,fear
shriek,fear
busted,fear
helplessness,fear
exacerbation,fear
biopsy,fear
badfeeling,fear
relapse,fear
plight,fear
growl,fear
troublesome,fear
chased,fear
embolism,fear
darkness,fear
conspirator,fear
palsy,fear
harshness,fear
unthinkable,fear
sting,fear
robber,fear
pernicious,fear
smite,fear
depression,fear
confinement,fear
snowmageddon,fear
illegal,fear
eeeek,fear
towering,fear
intolerant,fear
subvert,fear
cliff,fear
sinful,fear
wasp,fear
suppress,fear
brute,fear
prohibited,fear
suppression,fear
ruined,fear
instability,fear
constraint,fear
odious,fear
downfall,fear
surrender,fear
raving,fear
mistrust,fear
alcoholism,fear
blob,fear
frenetic,fear
scalpel,fear
vertigo,fear
prayforme,fear
infarct,fear
defiance,fear
squeamish,fear
madden,fear
premeditated,fear
hunting,fear
heartbreaking,sadness
mourning,sadness
tragic,sadness
holocaust,sadness
suicidal,sadness
misery,sadness
massacre,sadness
euthanasia,sadness
depression,sadness
fatal,sadness
bereavement,sadness
grieving,sadness
bereaved,sadness
devastation,sadness
death,sadness
suicide,sadness
devastated,sadness
catastrophe,sadness
horrifying,sadness
tragedy,sadness
died,sadness
depressing,sadness
anguish,sadness
agony,sadness
deadly,sadness
weeping,sadness
deceased,sadness
stillbirth,sadness
murderer,sadness
cancer,sadness
dying,sadness
rape,sadness
devastating,sadness
sadness,sadness
morbidity,sadness
execution,sadness
abandonment,sadness
crucifixion,sadness
grief,sadness
depressed,sadness
perish,sadness
traumatic,sadness
atrocity,sadness
cadaver,sadness
betrayed,sadness
treachery,sadness
funeral,sadness
grieve,sadness
murderous,sadness
miserable,sadness
hopelessness,sadness
persecution,sadness
sad,sadness
suffering,sadness
sorrow,sadness
homicide,sadness
slaughtering,sadness
destroyed,sadness
horrific,sadness
unhappiness,sadness
crippled,sadness
bloodshed,sadness
pained,sadness
manslaughter,sadness
carnage,sadness
unbearable,sadness
stillborn,sadness
torment,sadness
helplessness,sadness
annihilation,sadness
slavery,sadness
annihilated,sadness
enslaved,sadness
casualty,sadness
horrors,sadness
murder,sadness
mourn,sadness
morbid,sadness
abandoned,sadness
sickness,sadness
mutilation,sadness
miscarriage,sadness
starvation,sadness
cruelty,sadness
childloss,sadness
disgrace,sadness
killing,sadness
oppression,sadness
terrorism,sadness
failure,sadness
famine,sadness
heartache,sadness
burial,sadness
saddens,sadness
distraught,sadness
despair,sadness
sadly,sadness
mournful,sadness
bloody,sadness
inhumanity,sadness
perishing,sadness
malignancy,sadness
mortification,sadness
kill,sadness
lifeless,sadness
dreadful,sadness
slave,sadness
desolation,sadness
devastate,sadness
perished,sadness
assassination,sadness
mortuary,sadness
dreadfully,sadness
leukemia,sadness
sarcoma,sadness
lethal,sadness
gallows,sadness
brokenheart,sadness
banishment,sadness
afflict,sadness
disheartened,sadness
bury,sadness
desecration,sadness
demoralized,sadness
tumour,sadness
terrorize,sadness
crying,sadness
heartbreak,sadness
die,sadness
lynch,sadness
sufferer,sadness
loneliness,sadness
abortion,sadness
dismemberment,sadness
diseased,sadness
fearful,sadness
destitute,sadness
torture,sadness
slayer,sadness
cemetery,sadness
fatality,sadness
condolence,sadness
doomed,sadness
painfully,sadness
moribund,sadness
disaster,sadness
depress,sadness
condemnation,sadness
victimized,sadness
obliteration,sadness
depressive,sadness
terrorist,sadness
guilt,sadness
incest,sadness
pandemic,sadness
unhappy,sadness
defeated,sadness
painful,sadness
deplorable,sadness
damnation,sadness
doomsday,sadness
corpse,sadness
abduction,sadness
sorrowful,sadness
regretful,sadness
desperation,sadness
cry,sadness
sickening,sadness
hemorrhage,sadness
unfairness,sadness
molestation,sadness
exile,sadness
abysmal,sadness
hellish,sadness
exterminate,sadness
disgraced,sadness
homeless,sadness
destroying,sadness
battered,sadness
betrayal,sadness
horrid,sadness
warfare,sadness
assassin,sadness
disastrous,sadness
lonesome,sadness
miserably,sadness
morgue,sadness
slaughter,sadness
earthquake,sadness
orphan,sadness
listless,sadness
grave,sadness
emptiness,sadness
unfortunately,sadness
alienated,sadness
fraught,sadness
forsaken,sadness
leprosy,sadness
cried,sadness
paralysis,sadness
malicious,sadness
ashamed,sadness
woe,sadness
danger,sadness
disheartening,sadness
heartless,sadness
violently,sadness
cripple,sadness
horror,sadness
atrophy,sadness
missing,sadness
emaciated,sadness
pain,sadness
demise,sadness
sickly,sadness
disgruntled,sadness
violence,sadness
rejected,sadness
torn,sadness
calamity,sadness
grim,sadness
grievous,sadness
hearse,sadness
extinct,sadness
crushed,sadness
isolation,sadness
meltdown,sadness
obit,sadness
paralyzed,sadness
carcinoma,sadness
suffocating,sadness
deformed,sadness
inhuman,sadness
punishing,sadness
incurable,sadness
strangle,sadness
disfigured,sadness
victim,sadness
deformity,sadness
slaughterhouse,sadness
decomposition,sadness
humiliate,sadness
buried,sadness
oppressor,sadness
abandon,sadness
tearful,sadness
isolate,sadness
lifesucks,sadness
hell,sadness
ruinous,sadness
banish,sadness
ruined,sadness
accursed,sadness
widow,sadness
vanished,sadness
displaced,sadness
poverty,sadness
illness,sadness
hopeless,sadness
travesty,sadness
deserted,sadness
regretting,sadness
loss,sadness
pathetic,sadness
nohope,sadness
stab,sadness
shooting,sadness
foreveralone,sadness
imprisoned,sadness
insanity,sadness
hurtful,sadness
terminal,sadness
epidemic,sadness
hurt,sadness
depraved,sadness
banished,sadness
infidelity,sadness
neglected,sadness
sob,sadness
teary,sadness
dementia,sadness
widower,sadness
hospice,sadness
dismissal,sadness
alienation,sadness
hardship,sadness
kidnap,sadness
choke,sadness
bleeding,sadness
outcast,sadness
despairing,sadness
woefully,sadness
belittle,sadness
evil,sadness
disparage,sadness
feelingdown,sadness
imprisonment,sadness
frightful,sadness
punished,sadness
missingyou,sadness
wretched,sadness
abortive,sadness
obituary,sadness
gory,sadness
wretch,sadness
poison,sadness
coffin,sadness
deprivation,sadness
malevolent,sadness
wail,sadness
disabled,sadness
decomposed,sadness
barren,sadness
poisoned,sadness
executioner,sadness
disease,sadness
oppress,sadness
disembodied,sadness
tear,sadness
hate,sadness
lonely,sadness
dreary,sadness
blighted,sadness
ailing,sadness
demonic,sadness
peril,sadness
jail,sadness
lamenting,sadness
shitty,sadness
polio,sadness
mangle,sadness
ruin,sadness
weep,sadness
steal,sadness
casket,sadness
bleak,sadness
carcass,sadness
regretted,sadness
beating,sadness
cowardice,sadness
disability,sadness
affliction,sadness
emergency,sadness
hatred,sadness
termination,sadness
awful,sadness
exorcism,sadness
sinful,sadness
scourge,sadness
perilous,sadness
poisonous,sadness
worry,sadness
drown,sadness
infertility,sadness
shroud,sadness
powerless,sadness
woeful,sadness
failing,sadness
terribly,sadness
inequality,sadness
incarceration,sadness
stricken,sadness
psychosis,sadness
disappointed,sadness
demolish,sadness
dismay,sadness
lament,sadness
burdensome,sadness
mausoleum,sadness
shattered,sadness
tyrant,sadness
disappointing,sadness
insurmountable,sadness
wound,sadness
impotence,sadness
wrecked,sadness
abuse,sadness
demolished,sadness
palsy,sadness
lost,sadness
posthumous,sadness
gloom,sadness
schizophrenia,sadness
cursed,sadness
undesired,sadness
forlorn,sadness
terminate,sadness
dishonor,sadness
regret,sadness
bitterly,sadness
hurting,sadness
duress,sadness
oppressive,sadness
deteriorate,sadness
soulless,sadness
divorce,sadness
melancholy,sadness
cremation,sadness
bomb,sadness
forsake,sadness
worried,sadness
plight,sadness
unforgiving,sadness
sepsis,sadness
overwhelmed,sadness
fearfully,sadness
languishing,sadness
alcoholism,sadness
irreparable,sadness
bankrupt,sadness
gore,sadness
debacle,sadness
cruel,sadness
injured,sadness
faithless,sadness
ugliness,sadness
derogatory,sadness
injure,sadness
disappoint,sadness
crushing,sadness
shackle,sadness
dire,sadness
sacrifices,sadness
breakup,sadness
subjugation,sadness
excluded,sadness
sinner,sadness
degrading,sadness
worthless,sadness
guilty,sadness
shatter,sadness
disparaging,sadness
dilapidated,sadness
shameful,sadness
curse,sadness
anthrax,sadness
robbery,sadness
alone,sadness
angst,sadness
losing,sadness
prison,sadness
somber,sadness
contaminated,sadness
deprived,sadness
martyrdom,sadness
irreconcilable,sadness
poaching,sadness
bawl,sadness
eviction,sadness
ill,sadness
helpless,sadness
downfall,sadness
deportation,sadness
crumbling,sadness
distress,sadness
disappointment,sadness
demon,sadness
nothingness,sadness
condolences,sadness
crypt,sadness
longing,sadness
shame,sadness
captivity,sadness
obliterate,sadness
chaos,sadness
violation,sadness
vendetta,sadness
broken,sadness
abyss,sadness
petloss,sadness
offender,sadness
remorse,sadness
betray,sadness
dysentery,sadness
blight,sadness
melancholic,sadness
rupture,sadness
traitor,sadness
haggard,sadness
lie,sadness
cholera,sadness
degeneracy,sadness
undesirable,sadness
gloomy,sadness
turmoil,sadness
terrible,sadness
frighten,sadness
unwell,sadness
bully,sadness
bitterness,sadness
discrimination,sadness
whine,sadness
humiliation,sadness
sordid,sadness
immoral,sadness
harmful,sadness
interment,sadness
denied,sadness
damage,sadness
delirium,sadness
captive,sadness
pessimism,sadness
deplore,sadness
whimper,sadness
disliked,sadness
devil,sadness
damages,sadness
hateful,sadness
bigoted,sadness
perdition,sadness
adultery,sadness
corrupting,sadness
worsening,sadness
flog,sadness
dismal,sadness
comatose,sadness
autopsy,sadness
worrying,sadness
deceive,sadness
tomb,sadness
deceit,sadness
wallow,sadness
pessimist,sadness
rejection,sadness
sadday,sadness
shipwreck,sadness
deceitful,sadness
urn,sadness
punitive,sadness
injury,sadness
resentment,sadness
endocarditis,sadness
rheumatism,sadness
infliction,sadness
expire,sadness
tyranny,sadness
anathema,sadness
pauper,sadness
runaway,sadness
upset,sadness
departed,sadness
martyr,sadness
smite,sadness
malaria,sadness
hanging,sadness
chagrin,sadness
malaise,sadness
memorial,sadness
resignation,sadness
absence,sadness
imissyou,sadness
bummed,sadness
unkind,sadness
isolated,sadness
plague,sadness
shot,sadness
bomber,sadness
hydrocephalus,sadness
surrendering,sadness
unfulfilled,sadness
discourage,sadness
disillusionment,sadness
reject,sadness
shun,sadness
pity,sadness
glum,sadness
nefarious,sadness
groan,sadness
concussion,sadness
dark,sadness
incrimination,sadness
weakly,sadness
aching,sadness
discontent,sadness
undertaker,sadness
assailant,sadness
deterioration,sadness
sorely,sadness
antisocial,sadness
homesick,sadness
confined,sadness
inimical,sadness
attacking,sadness
tarnish,sadness
forfeiture,sadness
theft,sadness
outburst,sadness
fooled,sadness
disgust,sadness
embolism,sadness
requiem,sadness
console,sadness
dispossessed,sadness
disparity,sadness
sick,sadness
prisoner,sadness
embarrassment,sadness
ache,sadness
inflict,sadness
neurosis,sadness
epitaph,sadness
penance,sadness
sullen,sadness
grievance,sadness
relapse,sadness
forgotten,sadness
unpleasant,sadness
disable,sadness
defenseless,sadness
defunct,sadness
ridicule,sadness
misfortune,sadness
blindness,sadness
unfriendly,sadness
delusion,sadness
wither,sadness
stifled,sadness
elimination,sadness
unlucky,sadness
sore,sadness
retard,sadness
vegetative,sadness
stripped,sadness
sin,sadness
sequestration,sadness
displeased,sadness
accident,sadness
dumps,sadness
hideous,sadness
weakness,sadness
decayed,sadness
unrequited,sadness
dictatorship,sadness
complain,sadness
lose,sadness
regrettable,sadness
insecure,sadness
witchcraft,sadness
drugged,sadness
disrespectful,sadness
unfair,sadness
gonorrhea,sadness
disturbed,sadness
rot,sadness
negative,sadness
howl,sadness
dolor,sadness
mortality,sadness
mad,sadness
atherosclerosis,sadness
impossible,sadness
crash,sadness
injurious,sadness
chronic,sadness
frowning,sadness
discomfort,sadness
intolerant,sadness
ungodly,sadness
aftermath,sadness
explode,sadness
cringe,sadness
battled,sadness
deport,sadness
nauseous,sadness
exclusion,sadness
aggravating,sadness
senile,sadness
anxiety,sadness
weary,sadness
cytomegalovirus,sadness
prosecute,sadness
difficulty,sadness
bier,sadness
bankruptcy,sadness
endemic,sadness
offended,sadness
damper,sadness
messedup,sadness
coma,sadness
evict,sadness
happiest,happiness
happiness,happiness
bliss,happiness
celebrating,happiness
jubilant,happiness
ecstatic,happiness
elation,happiness
beaming,happiness
bestdayever,happiness
loveee,happiness
celebration,happiness
awesomeness,happiness
joy,happiness
happily,happiness
fabulous,happiness
exuberance,happiness
excitement,happiness
joyous,happiness
makesmehappy,happiness
euphoria,happiness
lovee,happiness
gratitude,happiness
happydance,happiness
merriment,happiness
spectacular,happiness
overjoyed,happiness
purebliss,happiness
triumphant,happiness
lovelovelove,happiness
ecstasy,happiness
cheerful,happiness
cheer,happiness
elated,happiness
jolly,happiness
lovethis,happiness
peaceofmind,happiness
delighted,happiness
exhilaration,happiness
excitation,happiness
pleasures,happiness
laugh,happiness
marvelously,happiness
blissful,happiness
loving,happiness
outstanding,happiness
joyful,happiness
pleasurable,happiness
overthemoon,happiness
lovinglife,happiness
yaaaay,happiness
happyplace,happiness
iloveher,happiness
glee,happiness
enthusiastic,happiness
sohappy,happiness
superb,happiness
laughing,happiness
woohoo,happiness
wonderful,happiness
ilovechristmas,happiness
hooray,happiness
brilliant,happiness
cheering,happiness
glory,happiness
tearsofjoy,happiness
magnificent,happiness
hallelujah,happiness
yayyyy,happiness
celebrated,happiness
loved,happiness
exciting,happiness
heavenly,happiness
thrilled,happiness
mademyday,happiness
hohoho,happiness
wonderfully,happiness
blessing,happiness
favoriteholiday,happiness
celebrate,happiness
celebrations,happiness
blessed,happiness
festive,happiness
sweetness,happiness
paradise,happiness
marvellous,happiness
compliment,happiness
enchanting,happiness
smiling,happiness
allsmiles,happiness
love,happiness
homesweethome,happiness
thankyougod,happiness
marvelous,happiness
laughter,happiness
goodmood,happiness
happyheart,happiness
joys,happiness
sensational,happiness
celebratory,happiness
excellence,happiness
delightful,happiness
goodness,happiness
excited,happiness
rejoicing,happiness
greatful,happiness
jovial,happiness
glorious,happiness
victorious,happiness
excellent,happiness
bonanza,happiness
rejoice,happiness
splendid,happiness
enjoy,happiness
lovemaking,happiness
greatday,happiness
smiley,happiness
goodtimes,happiness
whatmakesmesmile,happiness
happyday,happiness
myfavorite,happiness
yeahhhh,happiness
gladness,happiness
yayyy,happiness
pleasure,happiness
thankyoulord,happiness
giggle,happiness
lovinlife,happiness
yesss,happiness
happytweet,happiness
success,happiness
dancing,happiness
lovemylife,happiness
happier,happiness
magnificence,happiness
grateful,happiness
happy,happiness
amuse,happiness
splendor,happiness
fun,happiness
glorify,happiness
solucky,happiness
glad,happiness
enchanted,happiness
sothankful,happiness
radiant,happiness
beautiful,happiness
giggling,happiness
perfection,happiness
christmassy,happiness
heavens,happiness
romance,happiness
thrilling,happiness
happyvalentinesday,happiness
entertain,happiness
cheered,happiness
positivity,happiness
congrats,happiness
cheers,happiness
lovable,happiness
miraculous,happiness
fiesta,happiness
funday,happiness
enjoying,happiness
amused,happiness
smiles,happiness
lifeisgood,happiness
thebest,happiness
cuddling,happiness
sosweet,happiness
christmasspirit,happiness
goodfeeling,happiness
delight,happiness
orgasm,happiness
party,happiness
positive,happiness
enlighten,happiness
cheerfulness,happiness
miracles,happiness
sweetheart,happiness
giddy,happiness
christmastime,happiness
pleasing,happiness
gratify,happiness
smile,happiness
laughs,happiness
greatness,happiness
friendliness,happiness
happyholidays,happiness
romantic,happiness
blessings,happiness
tistheseason,happiness
frolic,happiness
positiveenergy,happiness
rewarding,happiness
magical,happiness
miracle,happiness
selflove,happiness
jubilee,happiness
triumph,happiness
goodvibes,happiness
enthusiasm,happiness
feelgood,happiness
prosperity,happiness
passionate,happiness
admiration,happiness
feelinggood,happiness
tgif,happiness
victory,happiness
enchant,happiness
vivacious,happiness
luxurious,happiness
behappy,happiness
greatnight,happiness
goodday,happiness
glorification,happiness
glowing,happiness
sing,happiness
breathtaking,happiness
yessss,happiness
fulfillment,happiness
atpeace,happiness
hurrah,happiness
merry,happiness
santa,happiness
award,happiness
christmasbreak,happiness
thankful,happiness
cheery,happiness
win,happiness
pleased,happiness
inspiration,happiness
radiance,happiness
uplift,happiness
optimistic,happiness
holidays,happiness
thrill,happiness
heaven,happiness
godisgreat,happiness
lucky,happiness
amusement,happiness
congratulatory,happiness
harmony,happiness
brighten,happiness
lover,happiness
perfect,happiness
lovely,happiness
thriving,happiness
praising,happiness
utopian,happiness
xmas,happiness
heartfelt,happiness
luxury,happiness
treasures,happiness
magic,happiness
bestfeeling,happiness
merrychristmas,happiness
achievement,happiness
holiday,happiness
yay,happiness
luckiest,happiness
intimate,happiness
yaaay,happiness
chuckle,happiness
rave,happiness
soblessed,happiness
proud,happiness
cherish,happiness
sweetest,happiness
amazingly,happiness
optimism,happiness
fuckyeah,happiness
goodnews,happiness
cuddled,happiness
satisfying,happiness
beautification,happiness
truelove,happiness
lovelife,happiness
gooood,happiness
goodlife,happiness
appreciates,happiness
winning,happiness
yaay,happiness
entertained,happiness
excite,happiness
newbeginnings,happiness
praisejesus,happiness
birthday,happiness
exquisite,happiness
content,happiness
godsend,happiness
thankyoujesus,happiness
adoration,happiness
angelic,happiness
greatfriends,happiness
favorite,happiness
metime,happiness
honored,happiness
holidayseason,happiness
entertaining,happiness
majestic,happiness
brightens,happiness
exaltation,happiness
goodhealth,happiness
smiled,happiness
bestfriends,happiness
memoriesiwontforget,happiness
precious,happiness
luscious,happiness
appreciated,happiness
tranquility,happiness
embrace,happiness
marry,happiness
positively,happiness
grin,happiness
giggles,happiness
enliven,happiness
bday,happiness
relaxation,happiness
hug,happiness
hilarious,happiness
contentment,happiness
weeeee,happiness
dearest,happiness
accomplished,happiness
fulfilled,happiness
adore,happiness
bountiful,happiness
victor,happiness
boisterous,happiness
fulfill,happiness
cuddles,happiness
prosperous,happiness
serenity,happiness
glow,happiness
encouraged,happiness
christmaseve,happiness
appreciation,happiness
happynewyear,happiness
satisfy,happiness
innerpeace,happiness
captivate,happiness
besties,happiness
romanticism,happiness
humor,happiness
pleasant,happiness
satisfaction,happiness
praised,happiness
abundance,happiness
treasure,happiness
praises,happiness
engaged,happiness
relaxing,happiness
fortunes,happiness
nothingbetter,happiness
complement,happiness
affection,happiness
relieved,happiness
carnival,happiness
uplifting,happiness
divine,happiness
champion,happiness
thanksgiving,happiness
achieve,happiness
jackpot,happiness
priceless,happiness
saintly,happiness
sensuality,happiness
wedding,happiness
harmoniously,happiness
honeymoon,happiness
exalt,happiness
twinkle,happiness
cuddle,happiness
felicity,happiness
peaceful,happiness
yayy,happiness
winner,happiness
reverie,happiness
climax,happiness
comforting,happiness
xoxo,happiness
reward,happiness
gorgeous,happiness
praisegod,happiness
generosity,happiness
hearts,happiness
stargazing,happiness
snuggling,happiness
fondness,happiness
amusing,happiness
sweet,happiness
brighter,happiness
festival,happiness
sex,happiness
kind,happiness
parade,happiness
genial,happiness
applause,happiness
beauty,happiness
fulfilling,happiness
aspiring,happiness
newlife,happiness
godbless,happiness
virtuous,happiness
kiss,happiness
rainbows,happiness
generous,happiness
christmas,happiness
enlightenment,happiness
winnings,happiness
playful,happiness
super,happiness
awards,happiness
praiseworthy,happiness
rekindle,happiness
adorable,happiness
elegance,happiness
independence,happiness
amour,happiness
kindness,happiness
inspired,happiness
wonder,happiness
successful,happiness
heheh,happiness
onelove,happiness
hilarity,happiness
freely,happiness
surprises,happiness
entertainment,happiness
passion,happiness
whimsical,happiness
beautify,happiness
stressfree,happiness
sunrise,happiness
godisgood,happiness
revere,happiness
snuggled,happiness
accomplishment,happiness
jesus,happiness
angel,happiness
goodmusic,happiness
inspire,happiness
flirt,happiness
thankgod,happiness
whoo,happiness
goodies,happiness
peacefully,happiness
fanfare,happiness
friendship,happiness
heroic,happiness
summer,happiness
fortune,happiness
highest,happiness
singing,happiness
exalted,happiness
woot,happiness
contented,happiness
overflowing,happiness
rollicking,happiness
hope,happiness
accolade,happiness
cozy,happiness
delicious,happiness
ambition,happiness
friendly,happiness
praise,happiness
raving,happiness
sensuous,happiness
picturesque,happiness
thelife,happiness
everlasting,happiness
darling,happiness
sparkle,happiness
yeahhh,happiness
flattering,happiness
succeeding,happiness
peace,happiness
heroism,happiness
luckygirl,happiness
sensual,happiness
grace,happiness
special,happiness
livelife,happiness
tantalizing,happiness
pumped,happiness
relax,happiness
hero,happiness
sweets,happiness
admirable,happiness
yey,happiness
surprise,happiness
hugs,happiness
prosper,happiness
revels,happiness
sunny,happiness
prevail,happiness
liking,happiness
humorous,happiness
worthwhile,happiness
superstar,happiness
bless,happiness
favorable,happiness
tenderness,happiness
newyear,happiness
freedom,happiness
masterpiece,happiness
dreams,happiness
hopeful,happiness
home,happiness
cruising,happiness
gracias,happiness
faithfulness,happiness
eagerness,happiness
closeness,happiness
sunshine,happiness
comfy,happiness
gift,happiness
bonus,happiness
daughter,happiness
vacation,happiness
confidence,happiness
zeal,happiness
astonishment,happiness
heart,happiness
completion,happiness
gifts,happiness
mistletoe,happiness
elite,happiness
good,happiness
celestial,happiness
illuminate,happiness
lifted,happiness
goodmorning,happiness
charmed,happiness
encouragement,happiness
sublime,happiness
dance,happiness
recreation,happiness
gush,happiness
god,happiness
free,happiness
freshstart,happiness
savior,happiness
sanctuary,happiness
grandchildren,happiness
wellness,happiness
revel,happiness
alive,happiness
bridal,happiness
inspirational,happiness
vitality,happiness
liberation,happiness
holiness,happiness
firstborn,happiness
money,happiness
rainbow,happiness
dayoff,happiness
serene,happiness
confident,happiness
soothing,happiness
music,happiness
matrimony,happiness
soar,happiness
savor,happiness
fab,happiness
mastery,happiness
warmth,happiness
elegant,happiness
glimmer,happiness
blossom,happiness
illumination,happiness
welcomed,happiness
treat,happiness
faithful,happiness
snuggles,happiness
laurels,happiness
commendable,happiness
strengthening,happiness
succeed,happiness
aspire,happiness
abundant,happiness
powerful,happiness
almighty,happiness
jingle,happiness
silly,happiness
remarkable,happiness
zest,happiness
pride,happiness
brotherly,happiness
greeted,happiness
presents,happiness
resplendent,happiness
fancy,happiness
noschool,happiness
leisure,happiness
vivid,happiness
thanking,happiness
therapeutic,happiness
familytime,happiness
zen,happiness
reunited,happiness
animated,happiness
comfort,happiness
princely,happiness
shining,happiness
complete,happiness
kudos,happiness
payday,happiness
cutie,happiness
coronation,happiness
spirit,happiness
newme,happiness
kid,happiness
marriage,happiness
relationship,happiness
daymade,happiness
godly,happiness
spouse,happiness
intimately,happiness
achieved,happiness
soulful,happiness
welcoming,happiness
satisfied,happiness
family,happiness
meritorious,happiness
purr,happiness
motherhood,happiness
carefree,happiness
gem,happiness
excel,happiness
healthy,happiness
surreal,happiness
diamond,happiness
charitable,happiness
inviting,happiness
erotic,happiness
memorable,happiness
veracity,happiness
friends,happiness
stressrelief,happiness
holyspirit,happiness
respect,happiness
beach,happiness
nature,happiness
dignity,happiness
bloom,happiness
accomplish,happiness
christ,happiness
encourage,happiness
teamjesus,happiness
visionary,happiness
baby,happiness
refreshed,happiness
